Id	Count
102377	99
102378	745
102379	20
102381	151
102382	1243
102383	388
102385	0
102386	1
102401	194
102403	227
102411	48
102414	122
102416	246
102437	322
102441	1
102444	129
102451	803
102454	14
102458	561
102461	642
102464	830
102467	0
102468	39
102476	1297
102482	913
102487	387
102489	0
102492	9
102497	339
102499	830
102500	19
102504	11
102512	1060
102521	4
102554	194
102555	547
102559	591
102561	42
102562	1
102567	7
102572	109
102579	1476
102581	1236
102582	533
102593	429
102599	382
102603	147
102607	220
102612	444
102616	522
102617	1155
102619	294
102627	462
102637	0
102640	169
102641	573
102648	1408
102650	395
102652	312
102655	786
102659	444
102668	613
102672	858
102673	409
102676	188
102677	4
102680	0
102686	1
102694	801
102700	4155
102705	131
102711	1227
102723	769
102735	105
102737	2281
102738	209
102743	802
102744	782
102763	151
102766	915
102769	439
102772	0
102773	1
102774	1
102775	0
102776	792
102778	13
102779	29
102780	0
102785	2
102787	1
102788	0
102789	17
102794	236
102799	370
102813	962
102816	1351
102820	4
102830	485
102836	0
102837	749
102846	193
102850	0
102851	13
102855	41
102863	146
102864	18
102870	2821
102871	278
102876	36
102884	0
102887	0
102890	45
102892	113
102901	196
102904	3690
102906	20
102908	40
102909	118
102910	373
102920	419
102927	0
102933	117
102935	0
102936	2
102938	0
102941	675
102947	153
102952	0
102953	470
102957	1
102960	46
102964	3
102966	2701
102970	13
102973	660
102976	99
102980	564
102985	973
102989	555
102996	6
102998	47
102999	135
103002	77
103006	3
103009	1
103012	50
103015	9
103016	0
103023	746
103028	298
103031	9
103032	3
103033	3
103034	8
103039	294
103041	723
103043	0
103044	0
103045	0
103048	1704
103049	2334
103050	3
103059	5
103060	154
103061	1
103062	9
103063	797
103064	568
103065	174
103073	4
103080	294
103103	99
103108	95
103112	10
103113	1
103114	0
103119	0
103121	0
103122	0
103127	220
103129	1
103130	3
103131	10
103132	1269
103133	0
103134	0
103135	19
103136	23
103138	291
103143	103
103145	1
103147	5414
103149	1202
103153	0
103155	0
103156	1
103157	711
103158	67
103162	169
103167	520
103172	8
103174	0
103175	0
103176	0
103177	0
103179	1
103180	316
103186	0
103189	7
103191	0
103193	7
103205	36
103209	587
103215	431
103222	1225
103230	1901
103236	198
103252	52
103273	423
103275	256
103276	0
103282	719
103286	2
103291	345
103302	685
103303	549
103311	593
103312	308
103321	382
103322	364
103330	0
103335	3
103336	0
103348	151
103350	808
103356	642
103364	0
103366	55
103372	2029
103376	85
103393	36
103394	1
103395	8
103403	0
103411	47
103421	119
103423	0
103437	39
103438	151
103442	309
103446	90
103447	71
103451	183
103455	132
103458	1
103459	1
103463	34
103470	3
103482	164
103487	132
103498	884
103506	310
103517	476
103537	87
103555	420
103560	7
103563	79
103576	0
103579	1371
103594	228
103597	62
103599	194
103613	51
103614	49
103618	575
103625	800
103651	34
103653	0
103655	1111
103660	16
103668	13
103669	1138
103671	994
103683	12
103694	529
103695	2
103703	322
103712	0
103715	2
103720	646
103725	2
103739	122
103740	251
103745	450
103747	141
103751	938
103754	626
103755	46
103756	1502
103761	46
103771	453
103772	12
103774	9
103778	28
103798	2
103799	2815
103801	4
103804	505
103812	287
103813	46
103822	243
103825	112
103827	0
103844	2063
103850	1716
103852	803
103853	299
103861	2354
103863	0
103865	946
103866	111
103886	3826
103898	43
103900	68
103907	42
103917	272
103920	952
103930	73
103937	598
103947	616
103949	187
103951	321
103959	2
103960	178
103973	9
103993	298
103995	1616
104000	211
104004	1589
104015	227
104016	137
104021	247
104046	3
104050	30
104054	0
104059	2
104060	0
104061	6
104064	4
104067	0
104071	22
104072	11935
104073	216
104075	121
104077	608
104079	0
104081	9
104084	133
104089	86
104097	19
104102	0
104103	161
104104	92
104106	245
104109	0
104115	539
104116	1
104117	14
104118	0
104121	492
104132	101
104135	281
104137	35
104140	60
104141	501
104152	1513
104156	122
104157	0
104159	154
104161	2155
104168	3
104171	6
104173	12
104174	294
104175	2
104179	16
104180	13
104181	8
104182	50
104197	1
104199	95
104200	80
104201	0
104202	0
104203	306
104206	2
104207	128
104209	0
104211	88
104215	16
104217	165
104219	191
104220	51
104222	716
104227	2793
104228	1
104230	1813
104231	1226
104239	124
104243	1
104251	33
104260	2
104261	15
104263	7
104272	19
104276	314
104277	3537
104286	1
104288	231
104289	0
104291	287
104292	0
104293	5
104294	0
104295	3110
104301	1
104302	0
104304	12
104310	85
104313	0
104318	19
104320	231
104322	1284
104325	167
104333	308
104334	214
104335	0
104336	1
104343	0
104351	0
104353	16
104354	0
104356	481
104359	110
104364	1016
104368	0
104369	0
104370	293
104372	32
104373	0
104377	27
104380	14
104382	197
104390	652
104393	73
104394	11
104395	60
104399	1
104400	549
104401	1645
104413	334
104415	327
104418	42
104419	32
104421	0
104422	1271
104423	15
104425	4
104435	0
104437	607
104438	39
104448	1
104451	213
104454	416
104455	5
104458	5
104461	673
104463	180
104469	729
104474	615
104490	412
104491	3134
104494	168
104495	1344
104501	4
104511	131
104513	316
104514	23
104533	0
104535	244
104541	349
104547	179
104549	208
104551	1
104556	14
104557	19
104573	619
104576	0
104577	0
104584	14
104585	0
104592	0
104593	0
104595	424
104599	237
104601	177
104606	1703
104609	283
104617	328
104623	1026
104639	1538
104643	744
104651	130
104659	119
104661	6
104664	4033
104683	104
104684	0
104691	802
104695	0
104704	672
104707	464
104715	78
104716	0
104721	695
104741	255
104744	456
104750	27
104762	451
104785	2029
104786	753
104790	291
104795	0
104797	4542
104803	377
104807	150
104816	0
104820	67
104831	804
104838	115
104842	1299
104856	821
104867	193
104878	894
104879	938
104890	355
104898	706
104907	80
104911	63
104923	0
104925	139
104927	4
104939	7
104942	553
104952	18
104958	211
104968	303
104972	269
104978	702
104994	151
105003	932
105011	250
105019	138
105026	149
105027	71
105031	424
105035	1114
105051	385
105054	2133
105055	726
105062	75
105070	191
105072	126
105077	190
105079	111
105081	468
105092	5
105106	140
105133	2
105143	1
105147	337
105150	5
105154	0
105155	0
105156	0
105157	0
105158	174
105165	1
105167	59
105171	32
105173	1
105174	1
105176	0
105187	0
105189	2014
105190	1227
105191	157
105192	744
105196	215
105202	2730
105206	1
105216	1077
105220	182
105221	190
105222	318
105223	497
105224	120
105233	23
105237	2
105238	87
105239	421
105242	5
105246	1
105247	4
105251	1027
105255	90
105260	230
105263	395
105269	89
105275	33
105279	0
105282	66
105286	0
105287	6
105288	59
105290	1
105291	305
105311	130
105313	96
105315	2134
105328	0
105330	244
105336	3
105338	0
105342	55
105346	2
105349	224
105351	989
105356	22
105363	7
105379	1
105381	576
105383	1
105385	0
105386	130
105389	127
105391	2
105393	143
105401	0
105405	0
105406	4
105407	288
105408	2
105409	706
105420	7
105423	1278
105432	1399
105444	5351
105445	28
105447	2
105448	0
105449	18
105454	170
105455	60
105457	0
105458	0
105465	1
105466	124
105467	0
105475	10324
105479	536
105483	2
105488	2
105504	1356
105514	4
105515	27
105518	1045
105520	194
105524	1
105532	0
105533	505
105535	172
105537	1
105538	87
105540	24
105553	8
105556	22
105557	1094
105565	180
105589	7907
105593	337
105597	255
105613	440
105617	59
105623	3008
105628	98
105631	122
105636	362
105643	1958
105647	113
105650	468
105652	3
105676	38
105682	284
105692	621
105701	40
105707	1
105709	550
105710	1
105718	1
105722	5
105729	30
105748	0
105752	1
105763	3
105765	25
105768	4
105771	269
105775	181
105784	69
105785	11
105787	6
105788	31
105798	0
105804	4
105805	1
105806	0
105808	1
105810	408
105816	1555
105820	3
105823	30
105832	805
105834	137
105838	96
105840	26
105843	0
105844	46
105847	171
105848	289
105849	184
105851	51
105854	311
105860	1134
105863	125
105864	148
105866	118
105867	0
105868	17
105870	123
105874	36
105880	35
105882	0
105884	0
105888	53
105891	681
105894	22
105904	70
105911	651
105912	0
105917	546
105924	3
105931	18
105938	401
105956	284
105968	533
105969	11
105970	877
105975	44
105977	1
105978	127
105979	52
105980	172
105983	1
105984	355
105989	1
105994	4148
106009	526
106014	773
106016	329
106018	147
106023	353
106024	17
106029	105
106035	0
106037	2069
106039	2343
106041	5
106043	230
106048	804
106049	6
106051	249
106055	85
106064	253
106067	362
106081	1883
106082	114
106089	105
106107	1
106108	733
106111	410
106113	5907
106116	108
106118	1586
106120	124
106129	58
106130	1386
106131	0
106138	39
106145	163
106147	430
106148	102
106150	329
106151	1
106152	6
106154	22
106155	110
106160	68
106161	55
106164	63
106168	4
106171	23977
106178	15
106181	46
106205	636
106219	216
106223	2157
106229	9
106236	19
106237	317
106242	68
106244	204
106245	2
106248	180
106249	121
106250	419
106251	14
106252	6
106253	9
106258	1
106259	14
106267	1
106270	0
106272	390
106274	27
106276	252
106283	321
106287	118
106294	166
106296	7
106297	802
106306	408
106308	7
106309	196
106314	29
106315	847
106321	563
106330	5908
106331	1545
106337	205
106340	226
106342	184
106353	5
106356	737
106357	839
106362	17
106370	848
106371	0
106378	108
106391	240
106405	2
106429	101
106437	482
106444	0
106445	0
106450	162
106452	203
106453	0
106457	270
106467	230
106470	2
106471	1170
106473	379
106475	1
106476	24
106479	2
106480	1
106482	0
106484	132
106486	0
106487	2
106488	57
106490	0
106491	461
106492	0
106493	3
106494	11
106499	0
106512	4
106516	1
106531	464
106533	806
106537	1
106538	22
106539	27
106554	0
106556	2076
106564	1
106569	102
106570	176
106575	103
106576	107
106583	0
106584	22
106586	875
106591	30
106595	1297
106603	597
106604	0
106605	88
106606	257
106607	0
106615	56
106617	932
106623	149
106624	0
106625	97
106626	100
106627	94
106636	29
106640	221
106641	58
106642	46
106645	190
106646	558
106647	1963
106649	8
106654	8
106657	152
106659	6
106660	16
106661	1
106662	0
106676	8
106677	38
106680	144
106684	0
106686	3979
106695	133
106697	3
106706	284
106720	53
106730	1690
106731	187
106743	376
106744	200
106755	89
106761	1305
106769	386
106781	3362
106797	227
106798	468
106801	691
106812	0
106818	1010
106821	11
106828	52
106829	399
106834	2700
106868	0
106869	0
106874	282
106877	13
106879	43
106885	701
106895	177
106897	0
106900	14
106928	0
106936	9
106939	13
106947	0
106951	326
106958	61
106960	0
106962	1047
106981	123
106982	619
106998	0
107002	235
107003	3
107005	959
107007	1
107008	1
107011	403
107012	546
107014	93
107031	73
107032	0
107035	60
107037	55
107042	124
107045	207
107055	2083
107058	152
107068	6
107070	0
107071	0
107072	1
107073	199
107076	34
107078	293
107082	938
107107	7
107111	570
107112	10
107123	141
107124	339
107131	311
107132	665
107137	155
107140	710
107141	2
107142	8
107144	95
107146	2
107151	307
107158	1779
107168	8
107172	27
107185	1
107187	460
107194	5
107197	74
107202	68
107205	1044
107206	338
107207	1
107208	0
107217	0
107218	24
107229	0
107239	861
107244	49
107245	3
107253	95
107255	211
107258	747
107260	874
107263	846
107268	1453
107278	0
107279	292
107282	3028
107285	0
107294	312
107297	99
107298	0
107300	1682
107306	1
107323	513
107325	632
107329	1
107335	136
107338	1
107339	7
107340	841
107346	0
107347	7
107349	1
107357	0
107358	0
107360	2
107369	1001
107374	265
107383	762
107385	291
107386	15
107389	155
107402	378
107420	509
107436	91
107445	275
107460	323
107463	1090
107464	57
107469	2
107475	1280
107479	55
107483	70
107488	3
107490	945
107494	146
107495	16
107502	258
107503	356
107507	137
107509	298
107513	2
107523	2
107524	141
107525	40
107526	2
107541	3
107547	1
107551	330
107552	181
107554	227
107564	198
107567	386
107571	583
107577	118
107591	54
107595	3
107596	2
107601	264
107616	155
107639	545
107641	0
107644	3
107657	0
107667	13
107669	16
107670	512
107674	3
107680	187
107682	17
107685	1
107689	168
107704	30
107715	2600
107717	1
107742	0
107743	49
107745	0
107768	311
107773	368
107775	2208
107776	15163
107779	197
107780	125
107781	446
107784	4516
107793	408
107796	96
107802	178
107805	533
107811	2
107814	2
107835	15
107843	15
107844	9
107846	0
107848	95
107850	773
107852	29
107853	38
107855	4
107856	50
107857	387
107858	313
107866	97
107867	0
107868	0
107869	4
107871	668
107881	893
107888	539
107896	1
107900	193
107901	105
107913	0
107914	10
107918	63
107934	808
107935	4
107936	1504
107938	402
107947	339
107949	9
107960	10
107961	0
107962	50
107971	4
107972	8
107973	301
107974	8
107996	101
107998	3
108003	1
108005	113
108007	1
108010	59
108011	0
108012	2
108013	2
108014	179
108018	12
108024	5
108025	18
108046	13
108066	690
108069	925
108075	15
108081	184
108082	578
108087	608
108089	324
108090	323
108096	108
108132	681
108133	546
108143	1048
108144	319
108145	10
108155	27
108156	9
108157	164
108158	234
108160	0
108164	468
108180	446
108182	5
108183	291
108185	0
108188	85
108191	32
108193	83
108199	175
108201	433
108202	663
108208	295
108211	134
108216	416
108227	72
108231	435
108232	0
108233	100
108235	1925
108238	190
108251	0
108261	241
108263	620
108271	70
108278	168
108284	219
108287	309
108288	503
108290	410
108299	756
108309	770
108317	0
108332	109
108333	231
108335	0
108336	5
108339	0
108340	1847
108341	1
108342	1
108343	0
108344	0
108345	0
108346	0
108348	0
108349	0
108354	2
108356	548
108357	1304
108367	7
108374	24
108378	91
108381	201
108382	23
108383	0
108384	0
108387	817
108398	964
108401	125
108405	1521
108409	133
108412	5
108418	0
108419	13
108421	122
108430	81
108431	2
108449	865
108451	152
108457	2
108458	24
108459	2052
108460	4
108463	1018
108476	180
108477	1649
108479	449
108481	26
108482	822
108502	195
108517	197
108519	206
108524	0
108530	242
108533	342
108535	190
108537	261
108540	47
108542	525
108543	4274
108546	29
108548	137
108553	18
108555	304
108557	50
108559	302
108566	0
108570	7
108573	11
108577	12
108580	34
108583	277
108585	1
108586	140
108591	77
108592	2413
108604	5
108605	8
108613	6
108635	184
108637	203
108639	0
108640	1280
108642	0
108645	233
108649	1156
108655	0
108663	845
108665	3
108667	78
108669	36
108671	244
108672	7
108674	185
108676	36
108681	0
108682	56
108683	34
108684	97
108686	208
108697	1498
108701	1342
108702	0
108706	743
108710	666
108712	1321
108714	155
108715	6
108721	2
108723	2
108729	996
108732	428
108749	98
108775	107
108776	4
108778	199
108781	28
108783	74
108784	1
108793	341
108802	2
108806	2
108807	0
108818	1327
108819	33
108826	404
108827	809
108829	797
108832	0
108833	834
108835	165
108840	447
108852	193
108866	222
108870	13
108872	1080
108874	10
108885	448
108893	985
108894	445
108898	100
108899	109
108906	521
108909	1232
108914	9631
108920	467
108928	0
108929	2
108940	1152
108950	1014
108951	853
108953	225
108962	689
108975	0
108985	12
108988	1056
108996	6
108999	917
109004	653
109007	372
109015	255
109022	220
109030	0
109031	65
109039	1072
109040	1111
109044	0
109045	0
109071	5
109075	169
109078	991
109081	3
109086	1685
109087	23
109088	1551
109094	4
109096	253
109101	59
109102	0
109117	579
109120	0
109122	8
109123	499
109142	161
109146	1
109147	27
109178	768
109181	189
109184	708
109187	943
109189	1
109199	0
109201	0
109206	0
109211	0
109219	0
109221	0
109230	645
109231	2
109234	1361
109235	1
109237	0
109239	17
109242	6
109243	1
109244	12
109249	659
109253	47
109255	1735
109264	0
109267	4
109273	157
109275	763
109276	21
109277	4
109278	0
109282	70
109284	11
109285	444
109287	37
109296	105
109300	1
109304	1
109305	0
109307	9
109311	2
109313	21
109317	633
109319	0
109320	0
109321	0
109323	10
109325	0
109328	80
109329	333
109330	1118
109331	0
109334	0
109335	5
109337	473
109338	12
109339	781
109341	106
109344	0
109345	1
109346	106
109349	0
109351	0
109353	0
109357	2
109359	0
109361	0
109364	0
109365	1
109367	4
109370	1
109371	38
109372	3
109373	40
109376	6
109378	195
109379	6
109381	4
109385	756
109387	5
109388	0
109392	3
109394	21
109397	314
109404	249
109410	85
109412	249
109415	0
109416	633
109428	1205
109431	1065
109432	276
109435	2424
109437	144
109443	162
109444	0
109457	686
109473	461
109475	17
109476	3
109479	459
109486	4
109487	32
109489	0
109492	946
109494	357
109512	337
109523	1165
109526	555
109531	584
109536	152
109538	158
109548	3
109549	27
109560	335
109562	51
109585	432
109590	0
109601	1236
109602	414
109607	0
109608	0
109619	381
109639	94
109641	0
109643	2537
109648	16
109652	1991
109668	20
109670	14
109673	8
109677	197
109679	7
109687	211
109708	219
109716	2870
109721	18
109722	305
109724	691
109725	19
109726	0
109729	141
109746	353
109747	658
109748	256
109756	247
109760	400
109761	47
109778	608
109779	1
109787	686
109790	429
109793	48
109796	452
109797	404
109798	0
109801	1
109806	3701
109811	251
109815	11
109828	5
109833	75
109835	191
109837	17
109846	0
109848	88
109849	8
109850	2381
109870	2394
109872	494
109876	7206
109883	154
109889	2
109895	809
109903	642
109905	77
109907	6
109908	0
109909	0
109910	1
109911	0
109925	0
109929	388
109934	0
109943	1
109944	15
109945	363
109946	10
109949	0
109952	137
109956	35
109958	331
109960	32
109967	0
109972	121
109973	350
109980	1102
109983	0
109986	178
109994	213
109998	1756
110007	4
110008	3
110015	701
110023	658
110025	1
110026	19
110028	170
110032	434
110035	0
110040	1101
110056	0
110058	0
110078	0
110079	5
110088	1450
110096	0
110117	2
110122	876
110127	3090
110128	3
110131	1
110133	137
110140	23
110144	490
110150	67
110151	0
110152	126
110153	0
110158	1
110159	2
110167	21
110170	625
110171	5582
110173	9
110174	3
110197	82
110207	0
110214	79
110220	650
110224	0
110225	3
110227	1623
110238	105
110244	25
110258	5
110259	0
110261	31
110262	53
110263	65
110265	37
110267	57
110271	4
110272	38
110274	0
110276	21
110281	0
110293	246
110295	531
110311	4
110315	619
110316	88
110317	2
110323	33
110329	0
110330	1
110337	2
110342	10
110343	1
110345	3
110358	271
110362	377
110363	8
110366	0
110367	154
110368	1061
110377	216
110382	2
110386	86
110396	802
110403	2
110406	168
110409	140
110414	1634
110415	512
110418	506
110420	1298
110423	745
110424	215
110430	426
110433	0
110440	497
110443	0
110444	86
110452	2310
110455	6
110456	26
110457	3
110458	158
110471	9
110487	333
110490	4
110491	1086
110493	99
110496	269
110499	113
110507	2813
110509	232
110523	307
110524	344
110525	560
110534	128
110535	495
110550	41
110569	4
110570	1079
110586	332
110593	223
110595	539
110599	109
110600	254
110615	3
110620	1063
110623	30
110628	128
110631	221
110636	1244
110638	325
110647	68
110648	29
110651	24
110653	1572
110655	553
110658	2080
110660	3
110663	0
110665	205
110666	11165
110678	1123
110684	2
110686	40
110688	0
110689	79
110691	28
110692	800
110708	41
110709	26
110711	1
110712	151
110729	8
110731	0
110732	2
110733	35
110735	0
110740	31
110744	697
110749	5
110751	12
110752	0
110753	0
110757	12
110761	2747
110762	64
110763	2
110764	0
110765	16
110767	87
110768	146
110773	0
110778	101
110790	322
110791	1
110797	0
110810	644
110811	931
110813	1612
110816	0
110825	36
110826	437
110830	8
110831	115
110843	9
110844	0
110848	0
110850	56
110853	47
110855	9
110860	0
110862	3
110866	627
110868	0
110877	379
110878	45
110879	20308
110880	178
110881	281
110882	774
110890	378
110891	0
110893	50
110894	3207
110899	350
110901	23
110902	0
110910	65
110922	1069
110931	494
110943	53
110948	350
110949	308
110954	361
110960	483
110966	16
110973	307
110974	945
110983	606
110986	1082
110987	0
111000	0
111005	0
111012	0
111013	462
111022	340
111023	431
111027	1339
111029	845
111033	1600
111035	628
111038	148
111048	4
111049	21
111050	0
111053	279
111058	0
111059	59
111074	609
111077	469
111082	318
111085	661
111088	24
111093	1
111094	6
111095	24
111102	402
111103	1311
111108	0
111109	0
111110	12
111119	22
111121	3
111122	5
111124	60
111126	48
111129	622
111131	636
111135	141
111137	448
111138	269
111144	0
111145	0
111146	0
111168	0
111170	26
111171	0
111176	423
111179	5
111186	300
111192	55
111194	189
111202	1107
111204	0
111205	5
111216	258
111222	7
111226	84
111236	56
111237	2
111239	184
111245	282
111250	0
111251	351
111252	3
111253	54
111272	0
111289	0
111304	27
111306	9
111307	199
111318	0
111326	3
111332	326
111341	2
111345	74
111351	356
111357	223
111361	157
111362	37
111372	12
111373	10
111374	39
111382	396
111393	0
111395	116
111403	6
111405	0
111408	773
111417	12
111418	22
111426	25
111429	25
111439	19
111440	1470
111442	102
111443	0
111444	16
111446	179
111447	210
111449	0
111450	74
111451	13
111465	0
111466	0
111468	3372
111476	135
111494	3
111495	24
111499	1
111502	886
111514	1
111515	4
111516	220
111517	4
111523	1850
111527	263
111536	911
111537	0
111538	224
111541	12
111552	102
111561	30
111564	98
111566	22
111567	1218
111569	1834
111570	106
111575	931
111579	5
111584	1
111588	0
111591	227
111593	15
111600	331
111604	36
111610	173
111632	300
111638	216
111644	153
111645	3
111663	93
111672	4
111674	1
111680	249
111681	73
111682	17
111689	1813
111694	1088
111713	340
111716	1
111717	5720
111724	126
111729	10
111730	0
111731	0
111733	0
111735	0
111736	264
111739	81
111742	247
111750	236
111754	401
111755	194
111758	2038
111762	452
111764	50
111774	423
111776	74
111778	57
111783	488
111785	0
111787	279
111788	483
111799	3104
111803	47
111807	6
111808	0
111811	4
111818	103
111827	0
111832	318
111833	0
111837	458
111838	70
111849	22897
111858	1
111861	2
111863	473
111865	1
111873	6
111874	50
111875	6604
111881	0
111884	0
111887	57
111888	278
111890	1
111891	16
111893	155
111897	221
111901	10
111904	0
111912	59
111915	33
111922	494
111923	4
111927	1737
111932	1167
111937	563
111948	7
111951	0
111953	288
111955	25
111956	0
111957	40
111958	14
111966	0
111968	166
111981	236
111990	511
111991	532
111994	954
112001	720
112002	317
112014	82
112018	790
112019	26
112022	16
112028	0
112030	0
112031	125
112034	5
112036	257
112037	0
112040	166
112049	0
112052	517
112055	0
112064	0
112068	743
112080	1147
112081	302
112083	8
112085	11
112086	0
112094	83
112103	0
112104	11
112105	99
112112	75
112113	3
112114	6
112115	3
112122	503
112124	0
112125	75
112126	889
112128	1
112129	87
112131	119
112133	17
112134	7273
112140	2840
112146	17
112147	0
112163	136
112180	746
112190	219
112193	56
112201	1
112202	74
112211	1041
112212	202
112215	71
112222	24
112230	24
112231	1508
112232	0
112233	270
112237	0
112238	8
112239	0
112247	60
112255	0
112258	5
112267	65
112271	1526
112274	3
112275	27
112276	20
112277	0
112281	0
112283	246
112285	64
112286	170
112288	63
112292	452
112319	127
112325	1
112328	48
112330	78
112338	0
112342	3192
112346	503
112366	139
112369	0
112370	0
112371	0
112372	0
112377	58
112380	7
112384	225
112386	2
112387	44
112390	4233
112392	14249
112396	1
112398	97
112399	63
112400	48
112401	185
112413	821
112427	5
112439	587
112440	1
112441	1288
112458	1996
112459	18
112460	2186
112463	449
112470	172
112472	0
112475	189
112477	0
112478	5
112482	494
112490	57
112491	2
112493	7
112494	0
112496	91
112499	10
112502	59
112507	0
112508	1
112514	14
112516	147
112518	0
112519	288
112520	749
112521	98
112523	67
112524	854
112525	155
112532	30
112535	0
112536	170
112538	1
112539	1
112540	1
112551	220
112554	914
112556	156
112558	0
112559	0
112560	103
112563	0
112564	1
112567	5
112568	0
112578	25
112580	1
112590	5
112596	90
112601	0
112602	0
112603	0
112604	0
112605	0
112609	153
112613	8
112629	0
112630	0
112631	6
112633	8
112638	0
112640	129
112643	966
112649	0
112651	0
112656	0
112660	193
112665	5
112669	454
112674	0
112675	0
112676	0
112677	0
112678	0
112679	0
112680	0
112681	0
112682	0
112683	0
112685	2
112687	0
112688	0
112689	0
112695	0
119530	125
119534	1134
119548	628
119551	477
119552	20
119554	647
119555	216
119556	655
119568	23843
119576	1025
119578	9314
119592	2147
119593	1154
119600	7463
119603	311
119607	504
119609	1384
119614	2529
119616	1268
119619	921
119620	186
119623	136
119624	30
119626	4926
119633	1030
119638	2989
119642	1254
119645	723
119651	1459
119658	488
119664	2043
119679	793
119681	3521
119690	4978
119694	599
119695	197
119696	0
119697	1206
119704	381
119707	562
119710	1745
119721	630
119723	1703
119724	516
119731	1858
119732	549
119735	56500
119739	1247
119742	5544
119749	652
119757	3168
119759	3196
119762	4817
119764	159
119767	577
119768	1633
119779	1712
119788	1332
119789	3830
119790	24
119792	698
119796	63
119797	1401
119800	854
119803	799
119805	2132
119806	5062
119812	454
119813	3252
119815	588
119816	2793
119819	1362
119822	3797
119823	2364
119825	6
119826	89
119830	417
119839	185
119844	3
119845	311
119848	1125
119850	2202
119854	1313
119855	4527
119856	6056
119857	1
119859	187
119860	131
119864	338
119867	40
119871	10948
119875	98
119876	261
119879	1609
119881	4282
119887	1278
119890	17604
119895	489
119896	247
119898	343
119902	3413
119903	10441
119924	556
119931	3098
119933	156
119940	339
119943	886
119947	1235
119954	785
119956	2226
119960	134
119963	472
119965	1286
119972	3001
119974	305
119975	6955
119980	755
119981	2085
119983	465
119986	973
119989	12134
119991	332
119999	939
120000	387
120004	991
120008	1180
120012	6738
120017	8584
120020	6377
120030	604
120031	984
120035	982
120044	8700
120051	1508
120053	3485
120057	572
120058	413
120059	77
120060	978
120064	342
120067	672
120070	879
120075	2399
120079	571
120081	667
120086	15803
120088	4037
120106	714
120110	2059
120113	584
120114	443
120117	21882
120120	2640
120124	3684
120125	825
120127	895
120140	1542
120142	276
120143	662
120144	318
120147	316
120150	3454
120152	2575
120153	3852
120154	4976
120156	2050
120160	445
120172	872
120173	996
120176	16
120184	1511
120189	8222
120193	435
120195	2911
120198	14098
120206	1264
120215	106
120219	340
120223	2185
120224	1349
120228	217
120229	369
120231	428
120235	28722
120236	1530
120238	1353
120248	305
120257	1161
120260	85
120267	1318
120272	1440
120276	1477
120288	1011
120290	535
120294	935
120300	928
120311	11257
120312	263358
120313	1197
120318	344
120320	167
120326	92
120332	672
120337	505
120339	1039
120351	262
120354	401
120357	61
120359	4389
120362	30
120363	86
120365	2602
120370	980
120371	4
120376	550
120378	2024
120381	1253
120384	1317
120385	571
120388	1665
120391	910
120394	1807
120402	769
120404	217
120407	1047
120411	4381
120412	859
120414	1944
120415	218
120416	848
120418	6548
120420	664
120424	2174
120428	890
120430	576
120432	959
120447	930
120451	78
120453	317
120458	453
120473	84
120475	1229
120479	172
120482	1034
120484	2809
120485	844
120486	940
120489	965
120498	631
120503	1562
120504	20841
120510	879
120516	1005
120524	178
120529	588
120534	5594
120535	4078
120539	3705
120540	11540
120545	2121
120556	840
120557	2141
120558	665
120566	2239
120568	16927
120570	396
120571	399
120577	1851
120579	306
120583	1439
120589	1416
120597	2472
120600	3968
120605	3710
120607	2142
120609	112
120610	1203
120618	1107
120621	7605
120623	1746
120627	6605
120635	20926
120646	2101
120648	977
120650	2691
120654	3857
120661	1176
120675	5198
120676	2094
120688	2807
120689	139
120696	142
120697	137
120698	973
120702	76
120705	260
120712	514
120715	1542
120722	2925
120730	2694
120733	699
120737	302
120747	662
120749	75977
120751	794
120752	1090
120753	1091
120765	675
120767	174
120774	6
120779	7836
120781	4705
120784	2207
120786	487
120789	5170
120791	1785
120794	404
120799	5467
120801	1054
120803	865
120805	1093
120806	868
120807	11387
120813	505
120819	875
120821	30828
120823	1101
120826	646
120828	743
120830	2024
120833	10769
120836	2153
120837	18
120851	374
120860	1667
120864	290
120868	8780
120872	873
120873	23
120877	437
120879	13
120884	903
120889	283
120892	416
120893	232
120897	433
120899	1289
120908	3456
120911	170
120912	20
120915	113
120917	442
120918	594
120922	2080
120923	6
120926	530
120927	124
120928	1
120929	66
120931	375
120937	2319
120940	969
120943	4227
120952	1003
120953	10126
120961	2081
120968	472
120969	275
120975	337
120978	4678
120980	374
120981	1498
120983	3216
120985	58
120988	567
120993	3
120994	2362
120998	11311
121000	2729
121003	9480
121004	38
121009	1655
121011	1170
121014	498
121019	3689
121022	892
121023	3329
121028	13080
121031	4847
121033	3041
121041	1223
121042	155
121048	1138
121051	1944
121056	2295
121058	3
121061	2171
121065	155
121066	4617
121068	5291
121071	769
121073	1204
121074	511
121080	1516
121082	424
121087	2026
121088	4896
121089	1377
121091	94
121095	485
121098	1621
121107	697
121111	356
121121	1613
121125	805
121126	10953
121127	42905
121130	502
121133	3548
121135	0
121136	0
121138	1
121139	603
121143	1770
121146	604
121148	1573
121154	1980
121156	385
121158	5736
121163	1299
121164	119
121166	1568
121169	1896
121171	212
121172	2352
121173	1061
121175	285
121177	13
121178	1324
121185	368
121187	774
121189	163
121191	499
121196	2110
121203	124
121206	2756
121214	572
121219	824
121223	3436
121226	388
121227	2677
121230	1741
121232	3453
121238	1953
121239	793
121240	751
121247	1330
121248	714
121251	876
121252	1772
121255	1889
121262	1244
121275	9294
121276	3966
121278	8857
121284	2834
121285	55
121289	910
121292	4834
121294	5247
121295	1942
121297	315
121298	12839
121304	798
121306	69
121308	759
121310	2220
121312	2077
121315	0
121319	1510
121325	243
121336	51
121337	4
121338	266
121343	1837
121345	1703
121349	3067
121350	35211
121351	3832
121355	455
121359	2345
121362	441
121363	835
121367	3137
121372	5581
121374	816
121381	1937
121396	2036
121397	18943
121399	761
121405	90
121408	913
121411	1953
121412	1696
121415	107
121416	2912
121417	5
121418	105046
121420	4424
121427	121
121431	121
121436	404
121439	76
121441	0
121445	484
121449	324
121453	2212
121464	1345
121468	810
121469	564
121471	1454
121474	1425
121475	529
121478	4
121482	169
121486	56
121491	32684
121495	0
121498	617
121499	76
121500	277
121504	2222
121506	791
121516	10491
121522	7101
121529	598
121533	1123
121534	151564
121539	2747
121544	476
121546	2047
121550	1775
121553	804
121556	17
121558	439
121559	857
121569	1093
121573	108
121579	3453
121582	1107
121584	1617
121588	2093
121593	1713
121594	0
121597	279
121602	641
121605	9540
121606	942
121608	258
121610	2259
121620	9098
121629	4940
121630	949
121638	0
121639	170
121646	427
121647	634
121652	1546
121653	66
121654	176
121656	524
121660	991
121661	3764
121664	380
121670	3948
121681	405
121682	604
121684	593
121686	2580
121689	686
121693	1592
121702	132
121706	1519
121717	29766
121725	1270
121732	90
121733	2008
121735	1665
121739	92
121741	5531
121743	506
121746	480
121750	597
121754	12340
121757	254
121764	1255
121766	3167
121773	72
121774	3956
121777	4590
121785	1
121786	414
121789	4232
121793	624
121794	1150
121800	15384
121801	932
121804	975
121814	3307
121818	447
121820	7978
121824	6679
121826	5868
121834	25008
121837	9301
121839	1399
121843	1195
121850	1794
121856	142
121864	2084
121868	1408
121870	521
121875	376
121877	170
121878	2625
121883	2
121889	1373
121890	593
121894	636
121901	6387
121903	549
121904	5579
121906	3518
121915	7507
121920	1090
121940	2028
121942	620
121944	3165
121948	1758
121950	927
121955	1244
121960	1144
121962	2847
121966	9010
121968	2046
121975	2083
121977	14019
121981	2422
121986	133
121989	1416
121990	2598
121993	3967
122001	5513
122007	224
122010	1529
122013	3615
122015	746
122023	214
122031	276
122036	8529
122040	3422
122043	2142
122047	122
122048	7117
122050	991
122064	2268
122065	2002
122067	872
122069	357
122070	766
122071	5327
122074	532
122075	781
122076	2860
122079	3515
122081	341708
122083	832
122084	1059
122087	233
122089	974
122091	3125
122095	2471
122096	0
122102	152
122103	953
122104	391
122108	23453
122110	667
122113	3578
122124	1163
122127	353
122131	425
122134	411
122139	1518
122140	184
122141	6542
122144	887
122146	276
122147	223
122153	723
122160	153
122166	2446
122168	2838
122169	1073
122172	4673
122175	138
122176	417
122178	315
122180	1424
122187	101
122193	1341
122197	1086
122198	1669
122199	5878
122208	51154
122210	980
122212	1531
122220	93
122226	2459
122230	3493
122233	4427
122240	11746
122242	414
122255	1517
122262	420
122271	156
122275	463
122278	98
122283	818
122284	1717
122287	17427
122293	399
122296	4516
122299	1905
122301	4054
122304	1410
122314	1830
122324	8
122349	1041
122350	7698
122363	60
122366	1287
122371	591
122374	375
122375	2
122376	128
122378	1097
122381	3055
122384	385
122385	10045
122387	1792
122392	177
122396	2146
122405	2210
122410	973
122415	37311
122416	378
122419	1417
122422	239
122428	502
122431	1135
122447	371
122448	189
122455	323
122457	3205
122468	106
122476	276
122480	923
122487	5440
122495	1
122497	39
122499	2217
122500	399
122501	214
122505	969
122506	155
122511	1304
122523	1290
122526	3192
122527	1016
122529	1021
122531	1026
122533	530
122541	140
122546	1050
122551	3232
122552	1030
122556	9
122565	733
122567	440
122569	2185
122571	448
122572	2630
122576	756
122579	22
122582	328
122584	261
122587	8582
122590	25022
122592	1227
122593	1655
122614	4
122628	563
122629	182
122630	380
122641	597
122644	3817
122646	471
122653	3212
122656	426
122657	92
122659	376
122662	363
122666	5708
122679	1290
122680	1644
122684	683
122689	154
122692	368
122696	3581
122697	916
122701	894
122703	4645
122708	1025
122717	42456
122724	143
122730	770
122734	12
122735	745
122736	141
122743	1513
122745	160
122756	879
122767	358
122774	1236
122778	0
122780	0
122783	1495
122792	1351
122794	2334
122795	197
122811	16521
122813	183
122817	463
122819	465
122820	2
122823	0
122824	7
122825	158
122828	263
122833	753
122838	3206
122841	2364
122846	1936
122855	518
122856	1289
122857	2385
122860	205
122864	1392
122868	1645
122870	2082
122872	1441
122874	5
122879	5827
122882	3418
122886	8756
122889	794
122897	604
122898	489
122900	1379
122903	1079
122909	700
122914	12181
122920	85603
122929	810
122931	688
122941	3964
122943	2303
122948	191
122952	1768
122956	13136
122960	508
122963	930
122971	1984
122972	113
122974	235
122975	2
122987	2444
122988	3064
122992	28
122993	25
122994	609
122995	303
122998	1256
123008	1018
123009	1058
123013	3221
123014	787
123015	1848
123019	394
123026	5062
123029	8514
123030	2161
123039	1062
123047	8509
123056	58116
123066	1606
123071	19919
123079	51
123084	14
123086	0
123090	579
123095	143
123111	1876
123113	164
123114	22585
123118	3103
123120	1256
123124	1000
123125	4674
123126	658
123130	1212
123131	538
123134	569
123144	997
123145	4250
123149	73
123152	732
123155	2148
123158	1484
123163	3170
123164	1878
123173	2525
123174	2685
123176	6463
123179	2065
123180	2408
123183	1591
123185	4325
123186	1124
123188	278
123191	4997
123196	846
123198	3891
123199	13
123202	8398
123204	507
123205	203
123207	298
123213	4740
123220	483
123223	467
123226	1121
123227	157
123228	5790
123232	3638
123234	58
123236	6
123238	1110
123241	639
123244	30224
123251	859
123255	2057
123256	0
123258	830
123260	78
123261	1209
123262	277
123265	1023
123274	274
123278	1
123279	1486
123282	84
123283	13363
123288	3014
123290	1367
123293	1811
123296	673
123302	2686
123313	1582
123321	1064
123324	1001
123325	1095
123327	525
123343	772
123344	1217
123354	2607
123363	1901
123364	893
123368	4751
123382	1628
123396	6
123408	3051
123422	1949
123426	1084
123429	403
123431	66
123437	185
123441	86
123445	2026
123455	72
123456	10020
123457	1034
123459	464
123460	675
123468	184
123471	5626
123473	3383
123475	6846
123476	2497
123493	1546
123499	1456
123502	5776
123508	1774
123509	150
123510	99
123538	6841
123539	372
123540	4352
123541	419
123543	2808
123550	75
123551	941
123553	77
123554	335
123556	3644
123559	887
123561	1641
123562	989
123571	1295
123572	358
123577	4303
123588	563
123598	397
123604	945
123608	299
123611	333
123614	386
123616	767
123618	411
123619	1023
123627	4037
123629	1001
123631	2304
123633	852
123636	2387
123639	5
123648	666
123649	16
123650	9707
123655	489
123658	1299
123659	486
123663	1626
123668	1853
123672	837
123673	1239
123674	7
123675	31
123680	117
123681	9461
123686	3491
123687	16
123690	564
123695	674
123697	4087
123699	434
123702	1081
123705	3717
123710	21
123713	714
123714	937
123717	452
123718	41717
123720	1687
123723	146
123726	89
123729	6792
123732	325
123733	727
123735	412
123738	1128
123740	1903
123753	12261
123758	288
123767	1794
123771	1558
123773	9144
123776	2810
123777	293
123779	122
123780	1223
123786	741
123787	30
123795	1303
123797	3375
123801	3459
123805	674
123806	138
123809	1319
123818	104
123820	444
123827	13670
123831	1183
123832	3686
123837	632
123842	1854
123850	3066
123860	1777
123865	457
123881	3845
123882	439
123884	412
123888	676
123890	1913
123900	1380
123902	11467
123903	388
123911	34
123914	4524
123920	3758
123922	39725
123928	228
123934	3513
123940	3290
123946	16273
123951	5420
123955	66
123962	1282
123963	3377
123965	1968
123967	2977
123968	292
123969	448
123974	6631
123976	6
123978	46
123979	232
123987	153
123989	1972826
123992	230635
123999	678
124000	344
124001	105
124002	259
124007	356
124010	11118
124016	1945
124022	422
124030	375
124031	1509
124040	255
124043	1
124051	21
124052	645
124056	12
124058	1014
124059	715
124061	2524
124065	1013
124079	144
124083	144
124084	16
124092	44
124094	552
124097	245
124101	2704
124104	1838
124110	8201
124113	2663
124115	948
124116	166
124117	1455
124119	2843
124132	1324
124134	308
124136	95
124141	631
124148	4509
124149	561
124157	2015
124158	639
124169	424
124170	135
124172	245
124173	4572
124174	259
124175	100
124177	441
124179	1174
124181	146
124187	3081
124195	1821
124198	269
124202	384
124205	642
124206	843
124210	19204
124222	533
124223	1012
124228	573
124234	2392
124246	774
124249	226
124256	1867
124259	31
124260	331
124277	11
124278	518
124282	3770
124283	38
124285	618
124286	461
124288	4612
124293	3794
124295	4290
124296	27
1673	471
1679	91
1683	1562
1692	292
1702	313
1735	201
1737	326
1751	21603
1766	729
1777	827
1818	3690
1847	1827
1857	268
1879	873
1885	887
1912	1226
1925	1729
1927	4
1935	1597
1941	59
1947	306
1949	131
1958	310
1959	27
1960	96
1977	1746
1983	422
1992	45
1993	476
1997	471
1999	750
2015	57
2033	0
2036	198
2038	169
2044	758
2050	2204
2068	6
2071	963
2076	35
2087	270
2089	0
2091	1884
2095	969
2096	149
2100	980
2108	1372
21120	356
21129	1183
21135	2385
21150	593
21152	848
21166	753
21168	847
21170	5225
21174	315
21176	83
21181	1473
21193	1895
21198	375
21211	1226
21214	1984
21215	1608
21221	968
21226	888
21246	1024
21249	538
2125	576
21250	758
21255	1245
21256	1422
21270	8498
21278	218
21279	1792
21288	917
21293	943
21294	2432
21306	2202
21324	2472
21327	994
21330	658
21342	1553
21345	941
21358	952
21363	238
21373	448
21384	1896
21388	95
21392	3411
21396	850
21398	466
21406	9136
21407	549
21412	15940
21415	1137
21416	1039
21422	839
21425	3661
21426	3159
21433	2766
21435	898
21437	1240
21440	911
21441	488
21442	393
21444	979
21450	1661
21452	1774
21453	169
21460	255
21461	2675
21468	1515
2148	515
21481	681
21498	632
21505	977
21509	431
21534	1219
21535	2380
21542	754
21549	577
21553	739
21557	1824
21564	3839
21571	1426
21576	4433
21588	2208
21595	430
21606	2948
21609	3871
21618	184
21633	2056
21635	1210
21641	4114
21646	1576
21649	931
21653	212
21658	7705
21659	4533
21663	457
21664	3732
21668	2173
21673	16821
21677	153
21716	15023
21725	1435
2173	203
21737	3298
21742	2318
21743	937
21745	2136
21746	314
21747	79
21749	1518
21752	1568
21758	6139
21773	478
21775	1591
21782	671
21784	369
21798	944
21817	653
21824	668
21836	7932
21846	943
2185	27
2186	344
21873	2018
21876	7
21890	5424
21900	990
21907	1611
21908	784
21919	1331
21924	1170
21937	4985
21953	986
21957	10707
21960	4061
21971	508
21972	942
21982	9219
21997	1385
2200	4
22000	933
22004	2474
22005	8290
22009	996
22012	807
22013	490
22030	1389
22035	549
22050	1769
22064	8013
22072	3313
22076	982
22093	487
22104	1056
2211	962
22110	42
22115	201
22117	1248
22119	1076
22129	366
22143	426
22148	3529
22153	1310
22154	1875
22164	7424
22168	431
22181	810
22191	2237
22197	17431
22201	759
22210	30
22221	1052
2223	720
22245	1246
22251	345
22252	2496
22257	266
22264	176
22271	278
22277	1050
22283	1102
22284	20967
22287	861
22294	1530
22300	2101
2231	222
22314	3166
22331	5370
22332	426
22341	837
22351	2999
22365	686
22375	1694
22381	3721
22386	4
22388	199
22402	456
2241	1076
22415	1501
22417	471
22426	322
22453	7
22459	40
22464	387
22466	1020
22472	1573
22481	748
22484	2954
22489	899
22492	184
22496	448
2250	57
22510	2585
22512	283
22515	341
22527	7068
22528	1275
22531	1545
22532	6584
22535	1116
22538	1232
22559	4811
22560	1741
22563	2580
22564	7145
22573	349
22589	497
22590	77
22598	2759
22608	3558
22611	415
22618	3238
22625	948
22632	845
22633	6137
22637	413
22645	441
22647	279
22654	2864
22660	391
22661	2933
22667	108
22678	807
2268	712
22689	290
2269	953
22694	1107
22699	1538
22705	1307
22707	2389
22712	608
22713	834
22718	2613
22731	715
22737	2077
22739	4916
22741	1701
22752	6296
22755	2554
22771	701
22774	12153
22783	459
22785	2763
22798	599
22799	1860
22804	1218
22816	3510
22821	1292
22826	1097
22830	669
22831	638
22839	1192
22841	1184
22845	1854
22863	2859
22869	336
22874	1769
22875	1595
22879	533
22881	627
22885	202
22891	1625
22910	2480
22911	2832
22912	284
22914	18796
22915	421
22925	4771
22945	1259
22950	1202
22994	8622
23001	1026
23015	920
23028	1804
23034	2654
23048	582
23050	808
23059	2730
23062	1092
23063	952
23070	5696
23083	208
23087	640
23090	652
23111	1068
23115	3098
23118	776
23124	1827
23146	193
23152	750
23154	1452
2316	604
23171	123
23173	396
23181	1446
23184	1013
2319	195
23190	783
23193	2547
23200	6426
23206	2342
23208	155
23209	521
2322	194
23221	5757
23228	4125
23237	672
23238	3
23240	61
23263	2709
23268	98
23271	6075
23276	2419
23287	245
23292	132
23294	714
23295	568
23297	1620
23298	2901
23316	14534
23323	141
23327	569
23332	362
23338	1113
23346	5816
23347	1948
23353	35
23363	1487
23367	1091
23368	1916
23382	3
23408	546
23413	281
23415	0
23417	399
23420	1956
2343	14
23431	2332
23446	989
23452	3627
23455	1177
23458	198
23462	1890
23475	2183
2348	85
23489	543
2358	247
2362	20
2365	478
2369	113
2373	172
2374	740
2384	377
2392	2993
2399	63
2433	311
2439	670
2441	801
2451	988
24586	0
2474	1356
2476	1097
24889	750
2489	366
2492	439
2499	42
2501	650
25018	795
25040	1236
2508	2203
25159	2833
2517	1
2521	107
25224	0
25225	487
25244	1488
2529	211
2537	2218
2540	12
2558	323
2561	1022
2568	947
2570	3
25703	1451
25739	610
2574	1435
2583	88
25874	857
2591	164
25947	288
2599	744
26019	224
26029	447
26151	633
26160	2
26163	689
26187	0
26214	409
26255	16
26277	445
2629	1206
2634	771
26462	338
2648	1134
26575	572
26598	170
2660	2029
2662	2689
26642	1624
2666	1150
26746	1309
2676	1856
26787	1390
2687	1000
26871	664
2698	1770
26994	694
27020	792
27025	1897
2703	515
27042	240
2707	757
27085	249
27132	359
2716	31
27181	1395
2721	782
27219	31
27259	30
2730	323
2735	406
27357	1241
27384	671
27395	206
27398	193
27406	192
27422	0
2745	1386
27492	466
27554	35
2759	3185
27599	360
27600	594
27649	420
27689	605
27697	21
27706	77
27719	432
27722	0
2776	139
27770	69
2790	552
27939	264
27948	572
27983	9
27992	69
28036	285
28050	517
28159	569
28185	174
28199	682
2826	129
2829	753
2830	606
2835	854
28353	426
2837	290
28409	330
2845	1223
2852	20
28563	985
28655	1143
2869	711
28731	699
28781	924
28787	390
28865	391
28928	2266
28975	829
2902	81
29108	95
29115	633
2912	545
29142	526
2916	476
29220	343
29275	98
29333	176
29346	27
29439	359
2956	4346
29568	196
29619	16
29642	72
29709	519
29710	878
29713	307
29716	577
29756	812
29770	1653
2981	503
2987	1688
29932	1298
29957	1143
29993	353
3001	269
30017	0
30018	370
30068	94
3007	2728
30075	123
30084	26
30144	132
30166	53
30214	235
30250	12
3027	399
30274	184
30275	1801
30330	789
3043	0
30455	4734
30465	10
30476	371
30478	163
3049	138
3055	78
30578	300
3063	818
30635	136
30668	514
3067	981
30758	20
30759	39
30776	3
30805	206
3094	166
30969	16
3101	558
31041	0
31069	1
31075	370
31118	76
31134	316
3121	0
31210	35
31227	426
31248	212
3129	187
31367	128
31415	235
31447	0
31481	131
31521	602
31551	315
31559	122
31611	216
31658	2
31733	1378
31798	1115
31812	85
31869	586
3196	1360
31976	559
32002	466
32027	0
32069	143
3208	173
32087	0
3212	388
32149	751
32203	1439
32204	1151
32212	1
32243	164
32261	143
32263	386
32293	10
32364	48
32402	0
32473	504
32478	0
32543	105
3262	0
32639	0
3267	447
32712	764
32714	227
32716	372
32747	0
32755	15
32798	139
3283	10
32849	633
3287	16
3292	465
33029	22
33058	112
33067	376
33085	646
33090	386
3310	146
33169	41
33197	718
33207	69
33263	0
3327	2402
33273	423
3330	0
33312	417
3333	536
33342	830
33359	730
33371	1
33387	1
3340	827
3345	239
33475	1175
33482	119
3350	295
33502	75
3351	156
33582	80
33586	3499
3362	1790
3363	8
33632	118
33637	495
3364	100
33650	138
33660	156
33692	2045
33704	234
3372	596
33723	7
33728	365
3374	1337
33763	93
33811	2
33815	107
33827	134
33840	77
33894	0
33895	3452
3394	82
33949	0
33960	404
3397	728
3400	1102
3405	660318
34079	411
34112	2660
3412	927
34149	318
34183	27
3419	695
34197	88
3422	2
34221	4
34248	25
34252	131
34272	21
34274	667
34277	151
34280	99
34297	432
34306	668
34312	0
34327	1614
3434	75
34353	112
34378	1778
34386	55
34389	3
34402	1269
34413	0
3447	25
3449	162
34611	1894
3462	158
3464	1678
34726	2564
3481	672
3488	337
34985	53
3501	169
3506	149
3508	1408
35109	10
35137	3
35183	1556
35186	212
35202	205
35240	244
3525	586
3529	278
35316	3686
35317	1147
3532	4
35375	729
35386	596
35454	973
35465	3974
35522	1353
35534	0
35552	881
35556	109
3568	120
35726	4
35768	400
35777	945
3579	124
3580	244
35867	1744
3591	1266
3596	79
3600	349
36006	1338
3605	80
36134	1711
36159	26
36267	1062
36335	94
36373	248
36391	1989
3641	622
3645	1804
36468	48
3653	2378
36530	42
36543	804
36576	1435
36608	834
3662	143
36639	334
36703	180
3671	311
36727	3487
36822	8
36855	312
36913	34
36941	283
37060	1227
37067	594
3707	575
3716	318
3717	138
3718	69
3719	39
37214	1046
37262	527
37271	1314
37316	0
37366	1263
37368	2157
3739	1398
3741	128
37525	51
37593	233
3765	14
37665	557
37761	1164
37783	180
3779	299
37827	23
3783	215
37833	185
3787	23
37921	214
37933	450
37950	1
3803	537
38048	20
38080	310
3813	1331
3817	1969
38227	247
3823	3594
3824	1275
38274	128
3830	1284
38341	60
3835	640
38372	199
38441	401
3847	210
38527	10
38536	39
3856	2115
38573	0
38603	92
38640	218
38672	20
3873	296
38749	213
38767	242
38781	65
38812	1051
38833	146
38863	686
38876	4
3889	1093
3891	66
3892	1478
3909	889
3914	1
39156	4
3918	410
39221	225
39285	211
39351	8
39387	285
39426	2
3949	1433
39535	511
39578	61
39587	0
39588	18
39590	3321
39606	118
39637	184
39753	39
39755	536
3976	567
39827	872
3984	368
3987	536
39883	130
39911	97
39942	2903
39996	2
4004	853
40053	425
40074	193
4009	6939
40114	605
40156	76
40199	866
40216	422
40250	130
4027	8
40290	506
40298	237
40338	218
40343	137
40346	237
40374	35
4040	210
40519	228
40534	293
40538	485
40551	834
40618	11
4064	705
4069	987
40758	86
40775	53
40808	48
40814	78
40830	354
40914	177
40918	407
40943	110
40945	234
4097	669
40996	306
41001	26
41009	46
41035	200
4104	328
4109	185
41111	300
4114	7
41149	119
41152	28
4117	1631
41171	125
41178	0
41208	137
4124	77
41248	265
41260	0
41312	3
41325	0
41362	50
41425	21
41428	480
4146	6
41501	39
41504	299
41518	4946
4152	578
4154	403
41546	93
41573	386
41590	460
41604	5
41607	41
41617	156
41660	10
41663	104
41664	89
41690	69
41699	75
4170	129
4171	1
41712	239
41719	225
41761	21
41768	0
4179	7
41794	61
41800	1197
41895	758
41942	37
4196	740
41987	929
42027	864
42043	0
42053	54
42063	140
42068	926
4213	2461
42152	0
42181	41
42193	1009
4221	10
42249	666
42264	72
42267	49
42301	31
4231	493
42326	55
42329	268
42346	30
42355	30
42377	150
4240	26
42418	138
4244	76
42449	1
42455	136
42462	3543
42513	82
42571	28
4265	438
42752	181
42766	246
42792	33
42802	228
42825	325
4284	412
42848	1908
42858	56
42866	39
4290	463
42915	71
42919	2887
4294	231
42942	0
42953	103
42972	183
43071	363
43076	128
4308	4155
43083	114
43101	127
43115	28
43129	916
43161	57
43176	146
43191	223
43195	229
43199	0
43225	440
43236	651
43242	87
43250	41
43268	541
43269	334
43286	1413
43302	0
43312	582
43347	78
43371	75
43392	0
43397	6
43398	0
43401	0
43418	0
43427	0
43430	1214
43472	0
43599	2653
43615	2441
43618	537
43649	2733
4366	178
43662	1015
43664	11386
43671	2755
43680	2722
4370	862
43701	454
4373	220
43770	204
43802	2783
43814	6547
43817	1549
43831	3232
43873	2
43877	2562
43884	1579
43893	872
43906	7507
43919	760
43961	163
43974	2101
44035	943
44038	2500
44041	5200
44088	503
44097	1250
44117	1553
44175	5652
44178	7244
4421	87
44214	749
4422	602
44230	7829
44251	717
4426	10
44278	114
4428	264
44290	906
4430	10
44306	50
44330	2356
44362	35
44366	165
44386	1097
44389	262
44399	1345
44419	1315
4442	17
44434	6343
44449	763
44459	151
44476	5067
44488	1159
44492	1200
44504	28631
44529	6170
4454	52
44546	5129
44624	785
44628	104
44640	1884
44684	569
44700	710
44704	710
44705	6633
44725	3312
44747	5211
4475	523
44764	144
44781	315
4479	451
4480	2384
44814	2712
4484	38
44849	2560
44868	12491
44878	642
44928	319
4494	118
44943	1813
44956	3953
44960	829
44965	1405
44967	27938
44987	823
45018	3760
45050	1514
4508	500
45085	2609
45112	6651
45138	10200
4514	62
45153	2136
4517	10
45191	1924
45242	10168
45250	6308
45252	1204
4526	245
45317	691
45343	14
4536	457
45369	1534
4537	4416
45445	3461
45456	1324
45459	1120
45476	741
45503	201
45512	471
45523	559
45571	413
45573	333
4558	866
45595	1401
45598	961
45604	8481
4561	54
45624	5635
45652	46
45675	1025
45688	205
45689	1124
45717	1029
45727	1461
45732	7961
45736	9204
45748	2800
45775	2785
45852	226
45866	1135
45868	995
45912	3856
4592	315
45971	1909
45980	2085
45998	5065
46002	15778
46035	1580
46057	264
46127	28
46128	133
46203	1226
46209	631
4622	283
46238	2708
46240	364
46242	940
46244	1607
46247	282
4626	3666
46266	412
46285	103
46301	777
46320	831
46382	905
46421	904
46443	83
46446	5102
46463	1310
46469	1963
46490	7251
46493	169
4654	1095
46545	860
46582	292
4659	160
46597	7472
46607	237
46613	737
46619	8785
4663	443
46639	2623
4668	649
46687	3013
46702	2063
46763	773
46764	526
4677	156
46794	148
46816	1082
46819	228
4682	1337
46862	814
46882	1214
46902	9410
46936	1351
4694	424
46958	63800
47020	309
47049	1748
4705	1326
47055	3022
47066	3132
47069	1064
4707	1534
47077	974
47127	656
47134	807
47136	1824
47153	849
47167	722
47175	2419
4721	1378
47221	5221
4726	0
47268	421
47286	2299
47290	641
47315	432
47317	1617
47330	1059
4737	19
47420	707
47424	158
47432	15870
4744	580
47479	299
4748	643
4751	1055
47510	1257
47600	2755
47603	2038
47611	1515
47621	390
47635	810
4767	637
47670	493
47710	7947
47733	935
4774	163
47752	1795
47766	330
47795	4286
47806	1253
47814	3646
47829	1053
47838	1092
47897	4923
4791	471
47926	2263
47930	10748
47971	374
47987	445
48001	1289
48055	728
48058	1108
48080	339
48146	2255
48170	4922
48178	2049
48211	4451
48225	1001
48266	101554
48280	10
48281	3746
48295	1230
48301	129
48351	1295
48366	1142
48386	656
48398	111
4843	818
48438	646
48444	386
4847	100
48478	344
48482	986
48486	3750
4851	160
48516	2164
48541	1573
48599	154
4860	309
48603	379
4862	133
48653	410
48686	854
48707	6762
48747	284
4875	859
4876	2496
48773	769
4878	1558
48788	4110
48792	112
48819	963
48835	574
4885	2135
48852	494
4886	822
48865	3952
48883	4274
48910	975
48924	1945
48951	576
4901	286
49038	82
49048	361
4905	154
49059	690
49081	133323
49099	832
49112	258
4913	472
49149	2837
4915	798
49183	2482
49193	2081
49197	4213
49205	783
4921	488
49213	11793
49232	5597
49274	598
49295	935
49304	821
49308	2403
4933	1217
4936	730
49366	306
49372	3363
49373	129
4939	1242
49399	1222
49409	3693
4941	727
4945	812
4947	530
49489	6359
4950	382
49517	289
4952	326
49522	1348
49589	6128
49594	1081
49649	737
49696	1416
49746	889
49753	2002
49770	160
49795	819
4981	1407
49818	827
4982	246
49832	1372
49838	1700
49854	2361
49864	4255
49873	806
49888	428
4989	540
49898	48
4990	4
49909	1136
49918	6564
49923	1222
49928	32
49946	0
4996	417
49970	2724
49976	80489
49979	5831
4999	61
49992	1052
5000	1
50039	2139
50068	581
5007	335
50071	983
50077	487
50104	15
5011	458
5013	184
50131	2211
50159	104
5016	665
50160	932
50212	2751
50215	759
50249	1164
5026	125
50268	801
50299	500
50316	767
50323	14
50335	2287
50390	1160
5041	756
50429	342
50449	3912
5048	1178
50491	1046
50516	2469
50531	5507
50536	1235
50539	2652
50542	2699
5058	825
50583	587
50593	157
50607	424
50616	104
50618	3601
50625	2072
5063	1264
5064	232
50647	7986
5066	2569
50707	969
50712	1405
5072	210
50786	1222
50793	150
5084	36
5088	76
50882	169
50894	32600
5091	111
50913	277
50947	572
5095	431
50996	2969
5107	3
51103	1209
51110	8836
5112	10
51130	3318
51153	1516
51171	541
5119	903
51197	2226
51212	7151
51217	482
51228	1365
5127	224
51287	1348
5135	134
51365	1279
51375	981
51378	1864
5140	355
51407	1952
51415	1823
51420	170
51426	3865
51430	9285
51443	1903
51455	2433
5148	1354
51483	389
51492	6370
51499	6752
51528	1045
51558	215
51562	1725
51603	3096
5164	180
51650	902
51654	72
51686	6397
51697	1473
51707	295
51722	673
51734	7523
51806	2848
5182	164
51846	851
51868	323
51893	1710
51907	3344
51946	320
5196	138
51967	133
51998	109
52012	84
5202	1059
52021	931
52050	1562
52055	805
5206	115
52073	905
5209	3966
52126	1266
52130	1221
52144	1122
52156	517
52165	425
52172	2200
52185	4454
52206	48
52208	7671
52222	426
52248	165
52267	2009
5227	2716
52315	0
5233	5061
52334	875
52337	1735
52349	983
52368	6684
52375	710
52432	347
52438	1690
52446	789
52451	2939
52456	1414
52463	295
5247	16
52476	902
52489	3836
5249	622
52499	510
5250	260
52505	451
52520	343
52521	125
52532	2302
52537	1597
52539	1507
52550	2237
52553	5282
52587	1459
52665	1992
52670	1168
5270	586
52701	2212
52709	607
52718	569
5275	106
52763	2395
5278	294
52829	1988
52839	115
52841	2185
52847	2633
52875	1392
52924	275
52956	388
5296	405
52960	10
52972	232
52976	80
52979	1325
53004	378
53025	0
53027	2872
53029	0
53046	1697
53053	11
53067	126
53076	251
53079	224
5308	0
53080	212
53091	137
53103	607
53105	565
53106	23
53123	434
53125	214
53133	157
53153	98
53167	169
53168	0
53169	613
53172	396
53186	0
53187	143
5319	167
53220	180
53226	2180
53238	2306
53239	24
5324	490
53246	1348
53254	3490
53259	303
53267	95
53282	0
53286	296
5330	11
53302	636
53314	161
53316	80
53318	2789
53331	480
53334	61
53342	758
53343	1489
53349	747
53350	208
53360	145
53366	291
5337	773
53372	319
53373	58
53378	0
53381	3706
53395	90
53401	514
53402	297
53428	16
53430	37
53431	132
53434	2
53437	537
53443	426
53446	214
5345	1176
53452	0
53462	246
53468	107
5347	74
53475	325
53481	1496
53484	279
53492	362
53495	214
53498	201
53499	10
5350	664
53500	323
53501	1140
53503	14
53525	278
53526	135
53529	185
53535	498
53542	1548
53554	1525
53558	10
53561	30
53562	319
53567	1298
53569	113
53570	3
53576	853
53585	541
5359	31
53596	1325
53601	1927
53605	339
53611	16
53615	858
53628	194
5363	36
53647	758
53659	276
5366	83
53660	349
53665	0
53669	1666
53672	297
53673	2316
5368	1
53684	193
53685	1040
5369	108
53701	157
5371	437
53721	388
53722	50
53728	4330
53731	637
53747	82
53753	133
5377	335
53776	852
53777	316
53785	2182
53796	215
53811	1838
53812	554
53815	160
53818	213
53824	3
53848	1600
53858	74
53859	330
53862	3
53863	1
53868	1
5387	948
53870	428
53872	3
53877	532
53888	116
53893	1611
53900	0
53902	618
53903	659
53939	351
53947	10531
53949	0
53952	369
53956	290
53961	143
53964	0
53972	175
53981	339
53986	404
53989	148
53995	116
5400	1204
54005	188
54007	0
5403	33
54036	603
54042	841
54048	36
54052	0
54064	89
5407	604
54071	1369
54086	1287
54089	1
54128	94
54129	5
54134	3
54144	662
54157	1276
54160	0
54166	382
54171	67
54179	0
54181	309
54195	991
54198	1797
54202	507
54208	12
54219	16
54223	354
54226	47
54227	2982
54230	38
54239	2
54242	101
54244	175
54256	231
54260	1
54283	393
54285	157
5431	1271
54329	1626
54330	217
54335	1267
54349	825
54352	0
5436	250
54365	368
54366	33
54372	624
54384	240
54391	230
54393	54
54395	295
54407	218
54408	493
54419	185
54426	2
54427	248
54437	127
54441	946
54444	40
54448	181
54450	927
54454	1858
54458	883
5446	1410
54461	14
54462	0
54469	1200
54471	687
54487	349
54502	408
54508	116
54511	390
54514	834
54521	707
54525	672
54535	205
54541	928
54550	37
54554	755
54564	160
54567	1161
54583	179
54589	268
54596	67
54598	416
5460	207
54611	859
54615	208
54616	169
54622	1
54632	14330
54633	385
54659	1
5466	1763
54667	179
54669	1024
54670	831
54674	1757
54675	2209
54676	350
54683	2524
54686	336
54694	2780
54703	541
54709	355
54710	455
54722	125
54723	0
54736	1527
54761	0
54768	34
54781	119
54784	1
54789	1
54790	4
54809	393
54813	540
54819	72
54846	98
54850	146
54852	599
54858	419
54865	4
54868	619
54870	737
54886	18
54890	1284
54893	451
54902	305
54926	1
54954	716
54956	219
54961	806
54962	26
54972	4
54991	759
54997	0
54999	29
55005	589
5502	258
55029	90
55034	1736
55036	0
55039	59
5504	1139
55041	192
55049	26
55052	273
55055	1226
5506	623
55060	1574
55062	1
55067	818
55073	452
55077	355
55088	1742
55099	779
55105	389
55114	2426
55123	345
55125	559
55126	0
55161	946
55172	177
55179	324
55180	891
55183	114
55185	510
55190	254
55191	363
55193	146
55201	67
55204	664
55205	898
55208	224
55213	192
55224	206
55226	360
55237	396
55240	27
55242	209
55245	565
55252	143
55263	267
55272	7467
55274	2368
55276	112
55279	924
5530	223
55306	143
55318	1263
55319	604
55321	3248
55335	610
55341	605
55349	96
55351	725
55353	260
55358	1
5536	229
55362	36429
55365	82
55374	121
55375	17804
55381	527
55384	787
55401	137
55406	437
55407	1484
55415	3520
55417	4635
55421	120
55422	974
55443	402
55454	499
55467	252
55478	34
55508	311
55511	747
55519	732
55534	792
55543	1
55545	437
55548	201
55550	349
55552	3086
55559	394
55561	263
55566	11
55570	950
55575	738
55584	591
55589	221
55592	565
55595	2404
55597	936
55599	1402
55627	1972
55629	35
55630	70
55631	4814
55634	30
55636	733
55644	2002
55660	244
55666	5
55668	123
55669	643
55671	0
55679	396
55681	110
55698	49
55699	98
55706	2141
55709	181
55719	10
55723	142
55731	1253
55733	288
55747	5148
55752	653
55759	326
55766	491
55774	548
5578	975
55782	1
55788	492
55790	1718
55796	135
55802	1452
55803	296
55814	1489
55818	899
55837	156
55838	868
55855	157
55857	1032
55868	432
55871	4
55876	197
55881	65
55886	0
55887	182
55891	727
55902	246
55912	892
55928	663
55939	1270
55945	970
55950	661
55969	2645
5598	851
55981	641
55990	75
55993	250
55999	5246
56002	201
56003	51
56026	112
56033	229
56048	40
56064	2656
5607	105
56070	309
56074	1172
56077	1511
56081	291
56089	1531
56093	1
56095	2
5610	1556
56115	408
56117	329
56118	3988
5612	79
56129	256
5614	1120
56140	1509
56141	341
56146	461
56149	6518
56150	1425
56169	891
56176	6609
56196	308
56203	196
56206	351
56211	118
56214	188
56215	273
56218	756
56236	0
56256	446
56259	0
56261	737
56267	382
56272	65
56278	0
56289	239
56291	8
56314	23
56318	2905
56326	9
56328	34
5633	677
56341	506
56344	155
56345	454
56350	160
56354	534
56363	165
56370	28
56376	424
56384	184
56396	544
56399	609
56408	321
56409	452
56418	110
56421	502
56426	524
56427	250
56431	82
56432	1468
56434	526
56440	873
56448	0
5645	224
56467	30
56469	259
5647	2
56470	585
56499	13
5651	299
56512	698
56515	34
56525	500
56531	1185
56546	277
56547	362
56559	298
5656	307
56565	169
56568	91
56572	717
56582	1179
56587	2
5659	660
56593	6
56603	1128
56605	923
56610	1173
56614	566
56625	233
56631	668
56638	1293
5664	364
56646	95
56671	547
56682	79
56684	8803
56687	5
56690	1889
56700	20
56717	169
56720	890
56726	46
56744	284
5675	1117
56758	6
56771	17
56772	1154
56780	104
56789	220
56792	848
56804	0
56812	734
56819	91
56830	320
56831	94
56835	20
56838	949
56839	10
56840	28601
56845	0
56853	672
56856	178
56860	533
56863	1221
56864	324
56872	765
56876	1156
56894	0
56896	197
56897	26
56911	37
56920	3103
56934	1009
56942	1295
56952	254
56966	555
56996	9860
57002	185
57008	0
57010	433
57015	0
57016	619
57034	65
57045	40
57049	6947
57059	418
57071	3901
57078	86
57088	560
57091	591
57098	566
5710	149
57100	671
57101	6
57112	93
57128	3832
57129	730
57140	618
57141	302
57167	1604
57169	104
57178	320
57179	495
57185	14
57198	210
57204	8
57208	1254
57217	1070
57220	489
57234	173
57237	50
57252	175
57253	263
57263	1087
57274	1848
57277	138
57280	122
57282	239
57286	244
57287	1348
57291	172
57295	1885
57302	77
57322	260
57334	3334
57335	649
57357	198
5737	100
57370	2029
57383	166
57391	326
57397	58
57399	863
57402	1119
5742	90
57421	1051
57424	79
57430	818
57433	0
57435	359
57465	434
57472	564
57474	664
57476	1106
57488	369
57494	323
57508	1200
57513	758
57524	1096
57526	6
57527	159
57528	121
57534	2282
57535	300
57537	609
57555	245
57558	72
57568	657
57574	408
57575	0
57580	694
57581	1064
57592	76
57595	609
57600	1958
57603	2946
57608	1667
57609	553
57613	182
57631	604
57632	176
57643	6
57647	146
57666	283
57671	307
57676	1762
57696	480
5771	294
57720	239
57727	466
57728	120
57730	725
57735	2403
57737	74
57749	1298
57750	1931
57756	425
5776	4151
57760	1850
57776	17
57784	989
57823	765
57832	263
57840	1034
57855	595
57857	754
57860	172
57864	221
57865	150
57868	433
57869	627
5787	29
57870	387
57886	1535
5789	31
57891	1447
57904	575
57905	327
57914	167
57923	135
57935	4355
57936	5090
57940	61
57947	719
57957	1086
57965	112
57975	167
57997	2932
58011	403
58016	6
58026	129
58036	1014
58051	279
58055	1232
58058	41
58063	313
58065	105
58066	4
58068	164
5807	771
58073	774
58076	184
58077	335
58114	1213
58115	0
58117	409
58119	271
5812	213
58125	1150
58130	2352
58150	563
58158	544
58161	1531
58162	244
58170	667
5818	80
58183	803
58184	97
58188	6623
58191	549
58201	1162
58205	293
58213	373
58220	358
58225	930
58227	4
58229	334
58239	675
58244	337
58264	371
58267	271
58282	1876
58285	7
58289	0
58296	0
58299	306
58321	441
58333	119
58356	1077
5836	1814
58361	443
58363	273
58366	4
58370	388
58381	564
58387	542
58389	287
58391	179
58396	244
58404	595
58405	394
58412	60
58418	37
58421	65
58427	1168
58428	66
58431	0
5844	265
58442	315
58450	6
58456	148
58466	17
5847	265
58472	6
58475	67
58476	496
58479	1
58489	730
5849	304
58492	2224
58493	3521
5850	1594
58505	371
58509	144
58511	218
58519	584
58521	0
58525	361
58535	0
58539	463
58541	447
58549	2053
5855	2
58550	267
58560	151
58561	27
58563	15
58574	2
58580	0
58584	2
58587	1884
58601	520
58602	149
58603	710
58607	1838
58609	1223
58612	707
58613	420
58627	158
58628	2359
5863	299
58631	764
58634	1787
58636	835
58638	147
58639	6
58640	301
58651	1146
58654	1181
58658	575
58669	21
58672	0
58675	128
5868	858
58689	55
58694	358
58696	469
58698	7
58699	14
58701	7
5871	3055
58712	1793
58717	4
58731	11
58734	489
58746	622
58753	259
58765	94
58767	156
58772	804
58774	104
58783	505
58790	397
58802	1182
58804	329
58814	123
58815	1063
58823	3
58837	293
58848	0
58851	344
58853	57
58856	185
58857	35
58867	74
58869	266
5888	9
58880	3
58885	208
58887	1
5889	361
58897	1615
58899	630
5890	31
58910	180
58918	289
58928	1568
5894	89
58952	8
58953	6
58960	301
58971	55
58976	724
5898	234
58989	306
5899	744
58990	1610
59002	12
59011	513
59014	1063
59023	449
59028	115
59042	856
59050	28
59053	209
59056	166
59062	2009
59065	29
59067	727
59068	380
59070	438
59073	100
59078	50
59081	6
59082	192
59083	1714
59095	203
59098	1448
59100	375
59105	525
59112	268
59119	294
5912	744
59137	671
59147	1690
59151	258
59152	468
5916	951
59166	431
59168	1694
5917	366
59173	780
59184	1134
59188	443
59190	125
59196	13
59197	3
59205	6
59232	151
59234	107
5924	119
59244	1
59248	104
59267	0
5927	1022
59270	455
59272	241
59280	1025
59296	564
59302	2115
59315	44
59322	52
59333	0
59338	68
59346	888
59351	8
59352	366
59353	209
59354	248
59359	599
59362	20
59364	279
59368	250
59372	45
59377	14
59381	6
59382	183
59384	537
59388	44
59391	208
59396	11
59402	38
59417	550
5942	220
59434	910
59435	1280
59472	163
59482	358
59491	0
59508	41
59515	225
59542	1609
59544	1009
59546	539
59549	643
59553	419
59558	0
59578	139
59579	697
59582	0
59584	247
59597	16
59598	757
59609	1007
59624	101
59625	519
59628	1
59642	419
59649	3
59655	33
59665	469
59668	621
59669	230
59672	15
59673	157
59689	2
59690	3
59697	177
59698	215
5970	244
59700	9
59703	1
59705	1400
5971	21
59723	21
59726	0
59740	80
59746	21
59747	1272
59751	112
59759	2
59760	14
59763	0
59768	135
59770	15
59771	12
59775	2
59778	129
5979	1381
59791	0
59796	1339
59801	545
59814	441
59827	190
59830	43
59833	974
59836	387
59838	241
59843	22
59846	1538
59862	415
59876	6
59887	54
59894	101
59900	58
5991	914
59919	369
59928	1416
59936	229
59940	243
59944	1411
59951	433
59952	15
59958	1608
59964	85
59987	830
59988	398
59991	120
59994	361
60000	783
60002	0
60004	717
60008	354
60018	48
60028	5
60033	1362
6005	14
60051	3148
60052	18
60067	431
60085	348
60086	62
60089	1241
60091	85
60095	198
6011	1687
60115	571
60116	464
60118	262
60123	206
60132	543
60136	1810
6014	470
60144	0
60149	86
6015	352
60162	466
60163	1
60177	111
60182	17
60187	2
60194	194
60206	0
60215	644
60216	2199
60222	1134
60232	142
60243	1698
60250	2225
60255	1736
60270	2943
60282	691
60283	166
60300	113
60319	2799
60328	25
60329	444
60331	1206
60337	152
60338	211
60345	190
60346	222
60349	1031
60352	65
6037	3772
60370	2
60374	106
60378	82
60392	111
60402	126
60406	181
60418	1
60419	9
60422	468
60425	406
60426	1770
60445	8
60450	171
60456	25
60458	324
60467	0
60482	160
60487	988
60489	856
60490	141
60492	253
60493	4
60498	382
60508	1290
60517	205
60518	41
60551	235
60557	0
60558	79
60560	0
60562	98
60564	223
60565	58
6057	512
60578	501
60581	127
60585	372
60591	86
60608	317
60616	190
60626	5140
60627	453
60634	780
60635	2
60638	65
60664	2167
60665	65
6067	322
60671	1042
60676	1309
60698	318
60729	362
60737	339
60739	8
60743	1805
60751	28
60752	47
60756	159
60758	90
60761	1010
60768	507
60769	314
60771	883
60773	1791
60779	77
60780	212
60784	136
60791	27
60793	2450
60796	1450
60810	23
60814	443
60815	1060
60825	0
60835	420
60847	151
60849	113
6085	0
60850	409
60855	161
60867	1407
60873	958
60879	81
60887	1988
60889	9
60890	776
60897	656
60928	339
60931	34
60945	336
60949	64
60951	2459
60956	780
6096	183
60981	329
60987	407
60988	27
61000	868
61020	265
6103	572
61032	1091
61039	335
61042	175
61043	238
61055	2
61066	10
6107	3
61074	1287
61075	552
61076	141
61078	573
6108	3019
61081	114
61097	3
61103	305
61114	128
61116	422
61121	236
61122	1066
61127	303
61134	389
61142	0
61153	1288
61159	1331
61161	1724
61164	74
61183	213
61189	560
61190	221
61208	1049
61212	86
61219	929
61222	33
61223	1642
61227	92
61229	488
61239	370
61258	89
61278	17
61279	125
61284	329
61288	218
61292	221
61293	842
61298	23
61304	469
61307	168
61322	544
61350	267
61354	43
61367	1230
61374	70
61382	345
61383	386
61402	979
61403	64
61408	1362
61409	1254
61420	87
61441	1220
61442	209
61462	20
61465	380
61470	4607
61471	223
61476	90
61486	1530
61496	201
61503	377
61504	17
61508	719
61517	725
61523	105
61526	30
61530	47
61532	451
61536	2
61541	632
61544	406
61550	265
61551	764
61553	192
61556	77
61567	2750
61570	868
61576	321
61577	1305
61584	755
61588	527
61593	33
61595	3843
61605	57
61618	0
61632	68
61642	1058
61675	214
61677	1757
61690	101
61692	843
61701	280
61703	93
61705	1229
61715	2116
61720	2537
61746	414
61750	895
61763	1221
61765	912
61771	555
61794	238
61798	722
61804	258
61815	305
61819	374
61830	136
61839	46
61858	11
61863	954
61874	1632
61885	141
61893	294
61907	989
61910	119
61912	2303
61924	1735
61939	370
61945	812
61946	556
61948	1
61965	1159
61967	408
61971	315
61987	34
61988	237
61995	1
62000	1037
62003	1079
62004	1034
62017	919
62026	153
62029	298
62034	416
62040	4753
62041	1
62053	40
62057	1257
62059	170
62063	672
62071	301
62078	19
62086	153
62091	59
62100	73388
62103	130
62114	26
62120	4166
62121	553
62130	47
62153	2963
62165	66
62166	242
62168	669
62169	125
62171	68
62172	92
62181	2569
62182	1807
62198	233
62199	282
62213	4685
62219	1451
62225	183
62226	432
62230	119
62231	992
62232	85
62244	305
62254	556
62255	5
62263	87
62271	199
62285	638
62297	912
62299	407
62300	44
62301	597
62305	3836
62314	116
62323	138
62333	0
62335	555
62340	484
62345	1135
62351	1593
62352	1404
62359	2
62362	2672
62367	109
62377	1865
62380	134
62386	22
62389	1340
62401	670
62424	899
62426	1084
62432	761
62439	565
62447	1098
62462	557
62463	180
62467	809
62470	1372
62475	18
62477	404
62480	393
62484	611
62488	40
62493	853
62502	222
62522	0
62535	97
62537	370
62548	4
62556	365
62563	1688
62576	80
62577	2185
62581	136
62583	1499
62603	381
62611	2694
62613	189
62622	118
62633	9
62634	126
62643	37
62645	170
62651	384
62658	1104
62663	2104
62676	306
62685	1466
62693	1735
62702	362
62703	2345
62704	284
62706	1311
62709	761
62711	975
62716	0
62718	597
62720	315
62721	391
62747	1343
62751	1343
62765	455
62769	190
62780	159
62787	221
62789	1954
62805	66
62809	289
62820	3458
62821	995
62826	498
62835	681
62836	353
62871	464
62872	1039
62880	1737
62886	437
62912	434
62914	121
62922	1375
62929	557
62938	36
62962	655
62964	1834
62971	409
62975	193
62977	0
62979	249
62985	705
62986	3146
63001	4271
63006	469
63007	79
63011	483
63038	816
63047	1976
63053	255
63088	1188
63092	1445
63093	386
63102	1377
63104	2
63107	66
63125	134
63145	352
63151	1795
63152	395
63156	1292
63157	536
63159	2608
63163	143
63173	1193
63180	159
63200	200
63202	459
63204	185
63206	455
63217	158
63240	2085
63257	94
63269	373
63272	544
63277	167
63290	23
63293	1442
63328	50
63341	438
63347	1106
63352	857
63354	496
63364	465
63378	339
63379	224
63381	0
63382	759
63395	95
63397	200
63398	675
63400	242
63413	226
63416	77
63419	259
63435	19
63441	875
63442	419
63454	420
63464	364
63465	64
63484	358
63503	100
63507	1203
63511	417
63526	18
63532	858
63542	173
63547	294
63558	569
63568	1497
63620	1304
63624	115
63632	162
63648	86
63653	20
63657	147
63678	767
63687	119
63692	5
63702	1959
63703	227
63709	458
63710	11
63717	794
63727	678
63733	131
63742	472
63744	650
63746	392
63747	1654
63751	1870
63754	2079
63756	449
63772	459
63774	130
63780	232
63813	705
63815	905
63828	500
63837	207
63868	186
63869	108
63881	155
63882	563
63889	352
63899	269
63909	12
63913	202
63914	723
63919	105
63935	1337
63937	1025
63946	2576
63952	510
63955	419
63966	0
63967	1233
63972	125
63978	413
63981	67
64000	534
64009	1358
64010	151
64011	402
64018	59
64023	5327
64029	105
64044	497
64049	2
64065	213
64066	83
64110	952
64111	577
64112	467
64117	573
64125	11
64130	598
64138	169
64144	195
64167	37
64172	176
64175	160
64179	67
64181	0
64193	6722
64196	738
64212	496
64249	367
64261	2952
64271	1404
64272	3879
64274	275
64285	1228
64288	16
64295	298
64298	341
64300	1333
64308	419
64312	49
64314	2
64318	295
64322	91
64327	721
64330	92
64332	1276
64345	145
64347	604
64358	190
64370	87
64372	1248
64375	365
64377	0
64385	402
64392	608
64397	5058
64420	334
64421	818
64437	301
64448	1090
64469	677
64485	134
64498	413
64543	613
64545	520
64561	4785
64600	4121
64601	394
64608	2288
64617	91
64620	316
64625	396
64642	2271
64644	650
64654	2296
64656	13
64658	1305
64667	1418
64672	75
64676	36
64680	660
64683	0
64684	959
64685	575
64696	585
64704	1353
64710	1558
64719	345
64720	0
64752	219
64757	224
64758	262
64777	860
64778	218
64784	1091
64790	8348
64794	243
64818	406
64820	178
64827	583
64832	252
64834	135
64836	0
64866	64
64869	6
64874	480
64882	138
64898	129
64900	2
64906	0
64916	552
64919	0
64920	44
64922	86
64925	112
64937	28
64938	322
64951	0
64956	0
64959	0
64963	551
64971	0
64972	21
64989	677
64996	0
65004	156
65012	324
65018	517
65021	0
65029	229
65033	193
65036	0
65037	0
65039	79
65040	0
65041	0
65046	352
65055	2
65060	1971
65067	0
65070	919
65085	10
65095	3
65096	25
65097	0
65098	0
65102	0
65104	2316
65106	111
65107	1588
65114	0
65116	3
65117	0
65128	231
65133	23
65137	22
65141	248
65142	0
65147	84
65153	374
65156	77
65162	6
65164	184
65171	18
65172	0
65179	990
65190	37
65191	0
65198	166
65200	626
65209	567
65214	624
65215	0
65223	193
65225	136
65229	246
65232	2
65242	10293
65275	122
65286	119
65290	48867
65292	695
65295	3082
65313	912
65315	167
65324	1909
65333	2998
65360	888
65380	3978
65402	223
65406	589
65410	1602
65411	413
65433	463
65437	124
65447	1940
65452	623
65480	430
65483	324
65490	3621
65493	70
65494	0
65496	440
65499	8
65508	558
65522	111
65530	2174
65533	799
65547	21
65553	777
65555	89
65559	3609
65572	109
65583	16
65588	49
65591	1416
65595	280
65603	217
65607	1523
65615	82
65623	2684
65625	435
65640	177
65646	396
65659	1469
65671	626
65672	538
65677	135
65685	55
65695	169
65705	146
65711	293
65717	627
65718	3943
65735	3408
65736	1
65739	18
65741	242
65743	56
65744	9
65746	653
65750	1391
65760	240
65768	411
65771	23
65773	660
65774	3326
65782	103
65808	302
65810	0
65816	430
65817	3
65819	62
65821	970
65832	386
65854	377
65869	428
65873	297
65880	703
65882	517
65883	15
65887	384
65891	297
65895	112
65915	431
65921	167
65925	280
65926	164
65927	942
65933	0
65945	647
65948	56
65949	93
65950	239
65957	215
65965	331
65969	2182
65971	3
65975	48
65977	797
65982	1626
65986	19
65992	387
65996	796
65997	14
66012	272
66016	1430
66023	332
66034	90
66041	5206
66047	1350
66059	451
66075	1278
66077	1
66087	659
66091	775
66092	88
66103	674
66111	403
66117	57
66128	811
66132	677
66136	348
66141	1862
66154	201
66161	301
66163	638
66165	378
66173	462
66175	303
66183	0
66210	76
66218	121
66222	303
66228	143
66232	483
66256	1
66261	246
66268	531
66269	649
66270	1123
66276	417
66280	619
66286	113
66294	512
66296	108
66303	0
66308	1228
66311	404
66324	445
66329	511
66345	1044
66351	639
66353	1303
66370	18
66394	567
66405	1156
66421	19
66432	187
66433	246
66436	434
66437	39
66438	694
66453	357
66469	552
66474	291
66480	2250
66484	1666
66486	898
66510	2
66517	310
66521	510
66524	274
66534	0
66541	679
66544	7
66550	1107
66551	54
66562	49
66563	161
66583	126
66592	3
66598	4
66604	1261
66606	75
66608	1658
66609	248
66611	1
66614	7
66616	254
66647	611
66657	641
66662	361
66673	8
66679	78
66687	407
66689	107
66695	1413
66696	0
66702	168
66707	1779
66719	489
66726	3
66751	68
66753	3
66758	53
66766	299
66776	16
66786	122
66788	3
66789	1
66792	3758
66795	37
66804	1669
66814	1557
66819	12
66827	105
66828	1535
66832	493
66835	567
66843	243
66844	576
66854	153
66859	0
66865	874
66877	145
66881	1222
66888	84
66895	107
66913	1311
66926	1085
66928	621
66929	17
66935	67
66937	1441
66950	426
66958	183
66960	659
66963	225
66966	2853
66985	1076
66999	6
67003	1555
67008	45
67010	982
67013	48
67024	45
67026	62
67030	1
67035	3224
67052	288
67053	1300
67057	886
67079	84
67084	31
67107	311
67108	357
67109	0
67110	583
67116	195
67117	289
67130	1541
67133	504
67147	710
67174	572
67189	210
67205	469
67209	641
67215	548
67217	443
67239	248
67272	672
67275	774
67281	2873
67286	629
67290	0
67295	238
67300	230
67324	384
67325	248
67334	1409
67339	518
67350	722
67356	689
67360	149
67366	635
67377	78
67382	599
67394	1967
67408	1942
67418	307
67420	3339
67430	121
67446	240
67448	598
67467	191
67469	1370
67470	4
67472	248
67473	4147
67476	239
67483	198
67484	436
67493	145
67494	52
67504	74
67507	337
67509	40
67523	1779
67527	407
67534	1284
67538	3270
67540	12
67541	1010
67546	122
67557	975
67562	110
67579	34
67588	94
67595	718
67597	1
67600	0
67605	106
67607	0
67616	543
67627	5
67639	698
67642	386
67647	168
67658	339
67678	0
67692	5
67698	0
67699	81
67707	0
67717	3662
67718	219
67732	307
67738	58
67742	2540
67751	210
67752	527
67757	67
67761	441
67772	278
67778	117
67795	8
67806	185
67840	122
67844	1102
67859	505
67866	9
67868	9
67882	46
67902	278
67907	146
67923	420
67929	192
67931	494
67938	59
67941	210
67957	119
67958	0
67964	350
67971	1272
67982	511
67983	569
67988	113
68000	400
68019	13
68022	2099
68026	422
68028	36
68036	847
68058	137
68064	911
68067	9857
68068	251
68072	265
68080	142
68086	1356
68097	411
68104	622
68106	993
68107	5785
68110	272
68122	294
68130	1611
68131	218
68154	76
68161	0
68169	25
68178	88
68184	90
68192	371
68204	183
68207	103
68208	183
68212	175
68230	272
68254	402
68274	75
68279	64
68291	352
68304	1668
68326	1236
68336	0
68338	1372
68347	3
68348	264
68358	24
68364	66
68371	2
68401	0
68412	627
68425	424
68427	81
68430	964
68436	469
68438	459
68444	46
68455	674
68466	0
68470	14
68479	1513
68492	718
68497	301
68499	156
68508	55
68522	406
68527	433
68548	240
68566	521
68571	466
68574	6
68582	785
68585	0
68587	185
68588	434
68590	321
68605	99
68606	153
68608	18835
68615	77
68618	266
68622	440
68624	179
68636	402
68640	28
68647	199
68660	78
68662	23
68704	89
68705	71
68706	1229
68717	343
68728	431
68729	282
68755	405
68803	42
68812	2115
68813	2201
68821	179
68831	93
68842	26
68843	420
68850	877
68869	258
68875	1685
68876	88
68889	489
68909	3352
68924	208
68925	7
68926	1251
68927	205
68930	517
68941	57
68948	364
68950	9
68956	1074
68961	0
68966	119
68972	101
68973	1
68988	10
68990	52
68997	9
69013	571
69021	520
69026	1694
69035	504
69052	515
69055	2
69061	287
69064	162
69066	2
69068	1220
69077	20
69081	281
69115	6472
69118	486
69122	478
69123	1430
69131	1530
69141	533
69153	214
69164	30
69168	1
69171	3361
69179	497
69181	0
69187	33
69189	14
69210	0
69211	1027
69217	151
69222	954
69224	1120
69228	279
69245	96
69257	175
69267	403
69276	13540
69281	687
69282	16
69287	1251
69288	98
69290	195
69291	3
69303	428
69316	530
69349	363
69362	97
69375	772
69381	470
69384	761
69399	453
69416	94
69423	229
69425	286
69426	9
69437	128
69465	6
69468	63
69479	24
69483	15
69486	0
69489	934
69490	0
69493	15
69494	2
69496	88
69500	1
69502	1278
69528	696
69529	9
69537	6
69555	54
69557	455
69563	2
69569	28
69574	177
69605	1
69611	1093
69613	4
69625	19
69647	113
69648	204
69650	114
69651	108
69652	132
69656	58
69663	358
69679	0
69686	336
69688	0
69692	21
69695	28
69696	18
69700	24
69712	1
69727	581
69736	0
69742	2
69751	58
69753	300
69755	89
69757	459
69769	174
69771	100
69777	83
69791	24
69793	287
69805	2
69811	52
69816	58
69823	199
69825	35
69834	11536
69838	125
69840	28
69841	217
69853	993
69857	6
69858	179
69863	189
69868	3402
69870	7
69879	654
69881	4
69883	4
69885	271
69896	2
69901	22
69904	45
69920	0
69926	7
69928	2
69933	58
69944	6401
69946	4113
69950	0
69956	571
69957	11420
69960	955
69963	285
69972	891
69975	194
69998	234
70001	6
70017	234
70021	6
70025	538
70026	274
70028	96
70035	933
70040	382
70071	857
70076	370
70084	668
70090	144
70092	219
70096	132
70098	108
70108	164
70127	4
70139	10
70161	9
70172	219
70175	318
70186	1
70191	1374
70195	1
70197	276
70201	199
70204	6
70218	3014
70223	159
70251	1146
70266	406
70305	2639
70310	130
70311	1236
70316	264
70319	1
70323	975
70327	8
70329	1
70334	71
70339	0
70341	0
70349	391
70351	1881
70355	341
70365	16
70373	1105
70375	947
70377	85
70383	411
70397	117
70400	0
70414	91
70429	77
70439	1652
70452	556
70488	609
70491	3
70500	4
70511	840
70517	248
70520	1
70527	11
70532	715
70542	111
70546	1854
70547	527
70548	1852
70560	2073
70570	135
70577	1422
70599	0
70600	1
70608	2
70630	1363
70631	1
70639	316
70644	408
70646	276
70703	383
70736	407
70750	408
70772	978
70778	412
70795	2237
70800	0
70803	2
70806	45
70807	300
70808	61
70811	1074
70816	196
70823	1865
70829	32
70830	1582
70837	12
70838	3
70840	47212
70842	34
70845	177
70847	2396
70855	0
70859	766
70860	1046
70861	174
70875	658
70894	74
70907	33
70910	78
70912	22
70918	0
70919	0
70921	0
70922	20
70923	137
70927	0
70932	406
70933	51
70934	81
70943	1654
70949	7
70956	186
70960	10
70961	567
70962	1
70967	337
70972	1
70973	684
70984	1912
70988	10
70991	47
70994	35
70996	82
70998	1983
71005	4
71008	2
71010	5
71019	287
71021	517
71029	369
71034	0
71037	478
71039	126
71050	45
71059	120
71071	51
71072	211
71076	0
71077	0
71078	0
71080	221
71092	2390
71094	115
71095	0
71101	0
71103	14
71117	396
71119	260
71123	105
71125	0
71126	0
71146	0
71154	0
71166	0
71167	1
71170	982
71173	1
71177	0
71180	0
71192	0
71196	0
71212	0
71259	1529
71284	209
71304	9374
71315	1128
71326	1968
71343	4684
71344	3736
71363	4140
71371	1010
71374	2347
71380	2192
71390	0
71394	2
71399	361
71410	10103
71441	664
71468	694
71496	35
71532	261
71554	0
71556	24
71559	10578
71563	9945
71566	761
71649	83
71655	489
71676	297
71689	623
71759	634
71783	1488
71791	311
71812	147
71817	0
71823	0
71851	3408
71970	349
71994	643
72012	2569
72042	876
72057	87
72071	0
72072	7
72076	214
72086	12
72091	32
72108	734
72137	47
72158	810
72183	12
72231	340
72259	230
72287	77
72321	616
72339	980
72379	16
72383	5267
72408	12
72459	3540
72488	120
72521	172
72524	1
72526	12418
72549	30
72567	1003037
72568	0
72581	299
72602	365
72605	0
72606	7034
72611	367
72612	2401
72615	3086
72632	2080
72643	3997
72661	761
72685	11645
72694	139
72704	9323
72780	263
72788	225
72796	1024
72800	110
72859	4838
72896	1580
72907	4
72918	547
72922	241
72941	927
72993	20
73005	18
73016	0
73023	0
73024	0
73039	3
73048	657
73101	12
73102	16
73103	0
73104	128
73110	1
73119	266
73134	325
73173	1
73179	95
73190	436
73231	383
73248	38
73250	2
73256	0
73344	28
73417	1239
73501	648
73504	668
73508	1119
73513	1935
73516	4555
73517	2116
73519	999
73523	3639
73525	1894
73536	2631
73539	2211
73559	785
73560	276
73564	2033
73570	805
73571	5177
73574	2303
73580	1001
73587	501
73594	492
73604	1065
73618	414
73621	168
73623	4
73631	391
73632	10980
73638	212722
73643	104713
73646	615
73647	1244
73654	2068
73665	1918
73678	41708
73689	444
73690	270
73697	3458
73706	334
73708	1343
73722	835
73733	1880
73749	895
73760	987
73764	639
73765	10389
73769	2118
73774	13954
73778	192
73783	307
73790	3496
73792	1757
73809	2609
73815	2841
73818	660
73823	3023
73829	684
73832	1093
73837	2672
73840	8722
73842	2052
73846	1125
73853	2948
73862	5727
73873	621
73876	282
73881	1153
73895	1471
73897	15
73903	934
73904	802
73912	167
73918	348
73924	581
73933	851
73934	1902
73937	540
73940	4399
73961	298
73963	1696
73967	10943
73975	655
73985	8062
73997	295
74017	501
74020	1066
74026	1038
74030	549
74041	3174
74047	1724
74054	1704
74057	1479
74060	5008
74070	2327
74080	954
74086	329
74091	1103
74099	400
74103	432
74118	2019
74122	1642
74123	3009
74129	668
74156	103
74158	171
74162	497
74163	2333
74168	3223
74172	352
74177	1122
74187	43
74194	1090
74198	949
74214	86
74215	3
74223	60437
74228	13
74233	630
74235	1397
74241	2083
74252	770
74258	1757
74267	3675
74278	73
74282	604
74289	335
74318	786
74323	369
74346	1797
74351	808
74356	224
74364	528
74366	176
74374	128
74375	855
74379	166
74381	1035
74386	2554
74390	548
74397	856
74400	9606
74406	790
74409	723
74421	197
74437	568
74442	129
74444	765
74449	2074
74453	1255
74462	3527
74476	242
74477	802
74480	459
74486	747
74491	305
74498	5171
74502	946
74505	501
74508	137
74515	331
74517	2772
74531	2366
74534	1249
74559	1092
74563	38
74568	9687
74570	962
74576	706
74580	871
74601	4493
74622	783
74624	1161
74635	755
74638	131
74681	344
74682	1010
74693	382
74701	227
74711	756
74725	4459
74731	2605
74745	1571
74751	740
74765	1677
74771	475
74774	2482
74782	2379
74795	1003
74797	2043
74804	578
74807	239
74818	177
74848	1590
74851	311
74854	6391
74857	1557
74861	284
74884	2170
74892	1732
74902	3388
74907	762
74913	188
74932	481
74933	452
74943	463
74946	1062
74947	1495
74953	66
74962	1977
74971	73
74983	893
74987	4126
74989	2818
74997	619
75000	3614
75001	3886
75009	94
75012	3958
75015	45
75021	652
75024	3944
75027	347
75032	325
75036	3415
75045	1237
75056	262
75063	396
75069	470
75072	683
75074	1995
75078	652
75079	1680
75102	1491
75105	1414
75116	1935
75128	2315
75139	1036
75146	1776
75152	593
75156	0
75159	3500
75165	102
75169	265
75175	968
75184	3616
75189	788
75195	824
75196	544
75200	1034
75204	264
75205	1001
75210	1347
75226	1045
75230	277
75235	1289
75247	1
75258	1413
75260	397
75262	432
75271	688
75280	1234
75290	66
75294	2252
75295	4946
75304	302
75311	945
75316	996
75324	2292
75334	942
75335	100
75336	1395
75342	987
75347	7934
75361	920
75368	2033
75380	127
75383	1098
75385	2132
75394	437
75397	1078
75403	589
75409	2210
75414	510
75418	7124
75421	6311
75424	1215
75428	230
75430	413
75434	1472
75440	308
75444	539
75447	773
75450	2295
75468	967
75470	94
75472	453
75475	1233
75506	756
75514	286
75518	652
75529	146
75534	1521
75535	239
75547	9477
75551	735
75564	5683
75566	1880
75568	2813
75580	3762
75589	859
75593	810
75603	2455
75604	771
75609	6568
75620	332
75646	322
75648	890
75655	353
75662	1470
75664	302
75672	816
75686	842
75687	539
75689	1848
75704	1264
75707	1459
75713	3151
75736	562
75739	479
75742	1096
75753	633
75758	1008
75764	1024
75769	3990
75794	15268
75838	204
75845	3769
75854	5425
75859	1053
75872	1330
75878	3254
75879	592
75884	534
75886	1404
75890	2438
75918	636
75921	190
75923	1178
75934	1461
75935	390
75937	27
75939	1430
75949	4005
75954	4115
75965	3875
75972	4859
75975	912
75985	1064
75989	350
75992	202
75995	2220
75998	1029
76009	602
76010	1823
76013	1936
76018	941
76029	2516
76034	389
76037	1197
76039	573
76050	439
76057	4075
76065	350
76073	245
76075	824
76082	145
76083	1639
76098	4074
76114	337
76117	938
76123	564
76125	847
76136	1011
76141	193
76151	2
76155	919
76159	4198
76166	4068
76169	395
76172	5979
76188	1996
76191	2138
76200	384
76204	109
76210	27839
76215	833
76218	1650
76220	779
76227	4359
76230	42
76235	536
76238	13832
76247	2065
76249	1935
76250	198
76256	1437
76266	6294
76269	365
76288	1743
76291	503
76311	452
76324	363
76329	4725
76330	868
76336	2964
76340	863
76359	4443
76360	139
76363	267
76366	534
76374	885
76381	1346
76393	1170
76421	106
76451	743
76453	1312
76481	291
76491	296
76502	646
76505	1167
76514	2962
76515	2809
76522	1612
76532	10890
76539	368
76540	2143
76543	1921
76551	1910
76557	4739
76564	2136
76571	430
76590	891
76601	30
76617	3309
76620	1478
76633	563
76641	12378
76646	891
76652	731
76658	1117
76659	934
76672	1278
76677	826
76682	0
76690	448
76696	5390
76700	1372
76701	526
76705	604
76706	586
76710	635
76713	1504
76722	25051
76734	1049
76740	757
76744	1835
76752	933
76758	14
76763	1362
76766	2511
76771	1523
76775	1474
76784	2159
76795	981
76800	567
76817	3857
76820	1991
76822	127
76828	227
76833	192
76845	938
76852	162
76859	1651
76862	364
76872	628
76875	1511
76880	1187
76887	435
76897	1500
76905	603
76906	3410
76910	48
76919	4091
76927	8079
76930	1126
76939	4979
76949	6248
76954	4213
76960	1037
76971	384
76986	872
76992	1028
76995	0
77000	2561
77007	388
77009	667
77014	2428
77025	3100
77031	1564
77038	1501
77056	1729
77084	5033
77086	618
77093	156
77098	1166
77099	1221
77119	4027
77122	1153
77123	5376
77135	1451
77138	1872
77142	2442
77154	6181
77167	1025
77188	844
77191	889
77193	1167
77202	48
77209	524
77215	795
77218	727
77222	1727
77227	534
77234	583
77242	539
77251	1572
77254	238
77266	290
77279	1573
77281	3040
77283	457
77284	333
77288	43
77291	29
77299	24
77309	2012
77311	724
77330	1731
77336	11777
77339	875
77353	2401
77364	1376
77373	2900
77380	2776
77404	987
77412	1270
77423	1592
77425	336
77440	336
77441	681
77447	482
77456	2460
77466	886
77473	246
77476	1632
77478	467
77481	274575
77485	3085
77495	1751
77505	278
77506	1284
77512	166
77513	12522
77517	2495
77539	4574
77541	112
77547	170
77552	4
77557	641
77570	4822
77577	4933
77579	10826
77583	3026
77587	1722
77591	2180
77593	88
77602	3545
77609	2474
77613	1911
77616	697
77629	424
77634	1540
77642	1002
77647	53
77656	2279
77661	991
77667	1424
77672	1151
77685	1806
77689	924
77699	929
77703	613
77706	2323
77713	648
77714	440
77732	1638
77736	588
77739	276
77743	21
77744	684
77747	7184
77749	564
77758	651
77764	1658
77767	20
77770	86
77780	551
77785	2202
77795	1363
77806	2894
77811	1404
77829	843
77836	132
77848	1619
77850	856
77870	588
77878	560
77887	127
77906	4824
77915	1272
77932	562
77942	870
77955	1086
77969	139
77974	2182
77979	1059
77989	563
77991	344
77998	19
78004	2569
78010	2780
78012	2028
78027	879
78037	278
78042	522
78044	952
78046	2922
78049	492
78054	2986
78061	1567
78062	459
78072	4
78095	1153
78109	2107
78117	1018
78130	459
78158	3960
78162	132
78176	28682
78189	369
78191	1738
78223	210
78226	983
78233	5120
78242	1571
78248	157
78264	203
78268	3072
78274	3127
78288	989
78301	1416
78306	1884
78309	166
78314	2704
78320	1179
78322	274
78340	43
78343	528
78347	566
78357	729
78373	6398
78377	754
78387	2287
78391	289
78401	9652
78409	2250
78415	332
78421	912
78423	2742
78437	581
78439	3247
78445	1082
78448	944
78462	10
78463	333
78465	2208
78476	461
78482	4076
78496	4510
78499	774
78542	1613
78543	723
78552	267
78555	6135
78560	410
78561	446
78576	255
78582	1585
78585	0
78591	4375
78611	2459
78626	16678
78639	1051
78641	1955
78645	539
78650	382
78661	793
78679	486
78681	2209
78683	4842
78685	597
78688	10836
78690	496
78693	464
78695	897
78706	186
78713	279
78725	521
78726	809
78732	677
78738	306
78740	532
78753	1073
78757	12713
78765	1794
78768	1575
78773	3506
78783	161
78792	310
78797	660
78799	700
78806	2085
78811	513
78817	1750
78823	871
78828	537
78833	1326
78836	1857
78843	1130
78852	1897
78864	723
78866	1690
78870	7859
78873	923
78882	1870
78886	105
78895	296
78909	1225
78925	3029
78929	995
78935	894
78939	1913
78953	583
78956	1187
78958	2257
78960	889
78961	1313
78966	2266
78968	3248
78970	9188
78984	739
78988	1215
79010	1494
79014	4582
79019	1240
79031	630
79034	860
79037	1723
79044	2369
79059	4453
79075	1429
79085	4330
79089	1473
79104	1915
79106	5456
79109	1371
79111	438
79116	937
79119	844
79124	1271
79129	636
79153	791
79166	4799
79169	12720
79171	1180
79174	3266
79187	318
79202	98953
79222	8
79225	2612
79229	830
79235	145
79237	993
79238	3146
79244	1532
79258	2658
79259	641
79262	1714
79271	1319
79287	843
79295	4497
79300	1825
79304	1475
79315	4712
79324	893
79326	648
79329	2755
79334	3340
79344	904
79345	160
79359	1394
79361	231
79373	1292
79377	1239
79381	586
79395	1022
79396	5944
79398	645
79405	1571
79414	1096
79419	1590
79426	563
79430	69
79439	1870
79441	1846
79448	9903
79459	1788
79461	639
79464	1591
79466	884
79485	1402
79487	2773
79490	1204
79495	3179
79498	3276
79501	341
79503	2621
79510	5006
79535	2849
79545	3110
79560	2479
79565	786
79568	2514
79598	7519
79599	1158
79602	81
79606	1142
79619	455
79623	106
79627	1901
79644	294
79661	229
79669	2211
79671	68
79673	1244
79677	902
79686	2788
79690	747
79694	49
79708	300
79725	0
79726	0
79737	212
79738	238
79741	826
79746	1310
79749	606
79756	636
79761	416
79769	341
79774	797
79779	228
79782	113
79797	6068
79807	2540
79813	1234
79816	3
79817	313
79823	1222
79825	1887
79828	1131
79832	1692
79835	1301
79843	691
79850	1289
79854	3850
79871	737
79884	1137
79891	1777
79895	1779
79919	1593
79921	1107
79931	332
79933	965
79946	1417
79947	657
79955	3291
79960	1642
79972	3991
79974	1191
79990	1177
79993	3130
80003	7253
80005	1659
80007	598
80019	147
80022	360
80025	4809
80026	144
80028	171
80034	215
80042	2898
80048	873
80052	504
80056	157
80058	2084
80073	3994
80086	491
80091	574
80096	581
80105	456
80115	310
80122	928
80125	671
80137	645
80139	212
80142	19490
80149	254
80151	326
80159	624
80167	4719
80168	243
80181	341
80186	1313
80187	606
80191	1208
80200	4772
80206	1214
80211	6938
80216	4666
80231	5162
80234	226
80237	1002
80240	17045
80243	1703
80245	1661
80252	336
80265	2363
80268	1917
80273	288
80277	3587
80282	1747
80288	7028
80291	1705
80292	1694
80310	2709
80312	620
80326	2696
80332	677
80335	4
80339	694
80340	239
80359	1569
80365	255
80398	1963
80400	296
80403	1342
80415	1325
80425	478
80432	1746
80437	899
80441	3390
80447	6697
80475	1268
80484	12968
80498	6122
80499	113
80509	6940
80515	169
80523	393
80528	193
80538	1737
80553	629
80578	55
80579	555
80584	3967
80586	2239
80592	2158
80593	1862
80594	317
80597	420
80605	6874
80607	14
80621	892
80627	1388
80636	640
80639	1271
80645	314
80654	30
80659	3517
80668	554
80672	1730
80680	1517
80685	90
80691	521
80695	578
80709	710
80713	2212
80714	321
80716	1150
80725	1095
80732	705
80733	19
80741	448
80743	228
80746	109
80748	109
80756	1924
80758	2508
80761	852
80762	526
80767	744
80771	582
80775	691
80778	322
80784	3326
80788	591
80792	228
80797	469
80806	790
80807	451
80813	357
80820	871
80825	1900
80833	439
80835	893
80843	1296
80854	414
80863	1136
80867	1963
80870	1645
80871	141
80872	1134
80875	119
80879	521
80881	4934
80890	226
80898	6324
80904	1109
80911	359
80920	118500
80922	3523
80932	845
80941	294
80956	1552
80958	4731
80961	2359
80973	315
80980	609
80990	518
80994	2948
80997	585
81001	412
81004	2
81007	323
81014	2459
81019	265
81022	791
81043	225
81049	147
81058	14
81070	404
81082	5
81087	9
81089	574
81093	1003
81096	358
81097	265
81102	8581
81105	2948
81109	1215
81110	4644
81115	2242
81122	41
81125	3119
81136	2468
81139	197
81140	305
81148	8216
81149	774
81150	220
81164	3921
81174	1470
81183	1064
81188	529
81211	1642
81214	1522
81219	405
81226	3090
81239	2416
81259	1432
81260	3977
81263	2365
81271	1339
81275	0
81291	783
81296	321
81303	12404
81328	168
81329	373
81331	519
81339	1176
81343	330
81348	2189
81362	227
81383	873
81389	586
81405	380
81410	1824
81416	360
81420	7
81423	2832
81430	4911
81442	145
81447	3501
81450	908
81454	175
81457	2108
81460	182
81465	1324
81473	699
81511	451
81517	450
81522	775
81525	8
81536	6
81541	1540
81546	1332
81553	394
81565	402
81570	1853
81576	5320
81586	171
81591	315
81593	644
81598	1666
81599	1227
81609	4565
81616	523
81623	2766
81630	97
81646	1851
81649	294
81652	1081
81659	30
81661	1503
81668	0
81670	3042
81676	8
81679	367
81688	769
81690	3020
81700	1965
81713	5736
81716	370
81720	1164
81730	514
81742	319
81756	1354
81757	1163
81763	1589
81774	993
81778	717
81779	382
81783	705
81785	1374
81797	1768
81803	781
81804	1665
81819	17
81822	2494
81824	703
81843	111
81855	1355
81859	3648
81861	749
81865	1038
81882	2338
81884	8734
81889	1369
81896	1043
81906	1936
81911	1032
81920	2257
81925	1021
81930	471
81939	1497
81949	1251
81955	0
81964	59
81972	1706
81979	534
81984	3105
81990	1455
82001	451
82014	3
82017	202
82026	159
82032	11578
82037	4679
82039	76
82041	223
82049	1109
82068	1309
82074	452
82085	1304
82087	1157
82095	305
82100	552
82105	115
82123	485
82125	436
82133	2541
82137	329
82141	1232
82145	510
82146	322
82150	4649
82153	460
82172	151
82175	1630
82177	973
82197	821
82204	48
82208	76
82214	0
82227	15167
82235	2672
82241	213
82246	166
82260	313
82280	1736
82286	862
82296	3007
82309	371
82317	289
82321	5
82326	4994
82327	1265
82334	964
82351	2252
82356	2919
82360	2554
82374	5833
82380	699
82385	2882
82403	1471
82409	4128
82425	165
82434	840
82442	377
82451	1149
82452	3293
82458	1215
82469	332
82475	3567
82476	2423
82499	2499
82510	9607
82512	269
82516	1895
82519	2018
82523	644
82529	1693
82531	1071
82534	5936
82539	1634
82544	718
82547	1817
82551	2463
82560	1119
82562	1139
82568	1937
82577	1186
82591	644
82599	535
82601	142
82606	1689
82613	7505
82616	2374
82619	3024
82623	1438
82626	146
82628	0
82633	49594
82651	1465
82662	59
82667	992
82668	1073
